OBJECTID,DATE,African_American,White,Hispanic,Asian,Other,Not_Available
1,4/6/2020 6:00,1521,1207,0,74,321,922
2,4/7/2020 6:00,0,0,0,0,0,0
3,4/8/2020 6:00,2064,1540,0,122,449,1354
4,4/9/2020 6:00,2304,1694,0,136,544,1507
5,4/10/2020 6:00,2599,1883,0,153,643,1690
6,4/11/2020 6:00,2988,2145,0,177,806,1578
7,4/12/2020 6:00,3202,2305,0,190,861,1667
8,4/13/2020 6:00,3512,2547,0,211,961,1705
9,4/14/2020 6:00,0,0,0,0,0,0
10,4/15/2020 6:00,3724,2425,1075,230,357,2221
11,4/16/2020 6:00,3978,2535,1180,239,376,2476
12,4/17/2020 6:00,4301,2681,1357,252,429,2552
13,4/18/2020 6:00,4557,2869,1489,266,458,2669
14,4/19/2020 6:00,4855,3037,1639,276,505,2518
15,4/20/2020 6:00,5064,3156,1744,284,519,2917
16,4/21/2020 6:00,5322,3327,1916,296,552,2780
17,4/22/2020 6:00,5540,3476,2033,304,571,2851
18,4/23/2020 6:00,5800,3662,2130,322,588,3235
19,4/24/2020 6:00,6046,3830,2373,339,616,3412
20,4/25/2020 6:00,6314,4020,2574,344,657,3857
21,4/26/2020 6:00,6742,4276,2841,363,707,3652
22,4/27/2020 6:00,7085,4498,3077,384,752,3691
23,4/28/2020 6:00,7432,4708,3309,424,721,3519
24,4/29/2020 6:00,7615,4808,3473,434,747,3772
25,4/30/2020 6:00,7821,4935,3651,459,793,4083
26,5/1/2020 6:00,8093,5147,3884,475,840,5033
27,5/2/2020 6:00,8470,5385,4258,502,876,4982
28,5/3/2020 6:00,8871,5698,4625,530,989,4749
29,5/4/2020 6:00,9147,5873,4892,547,1040,4909
30,5/5/2020 6:00,9424,6129,5144,565,937,4918
31,5/6/2020 6:00,9648,6280,5394,580,986,5275
32,5/7/2020 6:00,9892,6468,5726,603,1032,5653
33,5/8/2020 6:00,10165,6695,6067,631,1107,5820
34,5/9/2020 6:00,10337,6796,6337,647,1151,6266
35,5/10/2020 6:00,10623,7018,6686,664,1187,6409
36,5/11/2020 6:00,10927,7260,7057,691,1387,6051
37,5/12/2020 6:00,11110,7365,7274,700,1433,6179
38,5/13/2020 6:00,11140,7367,7483,689,1703,6430
39,5/14/2020 6:00,11328,7479,7864,703,1708,6821
40,5/15/2020 6:00,11572,7701,8229,723,1763,6998
41,5/16/2020 6:00,11795,7865,8615,738,1814,7141
42,5/17/2020 6:00,12052,8058,8907,752,1852,7183
43,5/18/2020 6:00,12220,8180,9196,770,1888,7508
44,5/19/2020 6:00,12454,8365,9525,787,2007,8408
45,5/20/2020 6:00,12919,8566,10153,823,2106,7756
46,5/21/2020 6:00,13086,8697,10374,836,2143,8395
47,5/22/2020 6:00,13320,8897,10726,855,2187,8439
48,5/23/2020 6:00,13527,9075,11035,873,2219,8766
49,5/24/2020 6:00,13762,9232,11383,889,2272,8775
50,5/25/2020 6:00,13922,9359,11628,895,2295,9053
51,5/26/2020 6:00,14116,9484,11819,907,2317,9044
52,5/27/2020 6:00,14217,9575,11956,917,2341,9417
53,5/28/2020 6:00,14473,9762,12422,938,2458,9656
54,5/29/2020 6:00,14613,9869,12610,948,2478,10470
55,5/30/2020 6:00,14911,10054,12978,977,2530,10565
56,5/31/2020 6:00,15188,10299,13377,997,2654,10263
57,6/1/2020 6:00,15527,10529,13753,1016,2699,9803
58,6/2/2020 6:00,15631,10603,13901,1024,2725,10291
59,6/3/2020 6:00,15856,10757,14155,1048,2765,10401
60,6/4/2020 6:00,16035,10898,14338,1057,2783,10747
61,6/5/2020 6:00,16208,11031,14573,1072,2825,11061
62,6/6/2020 6:00,16427,11206,14839,1082,2846,11082
63,6/7/2020 6:00,16593,11319,15040,1093,2882,11046
64,6/8/2020 6:00,16857,11468,15394,1106,2922,10657
65,6/9/2020 6:00,16966,11547,15518,1114,2946,10813
66,6/10/2020 6:00,17214,11718,16006,1140,3085,10302
67,6/11/2020 6:00,17345,11770,16293,1176,3094,10519
68,6/12/2020 6:00,17449,11848,16404,1182,3105,10625
69,6/13/2020 6:00,17595,11956,16609,1194,3126,10825
70,6/14/2020 6:00,17692,12022,16738,1200,3140,10909
71,6/15/2020 6:00,17767,12069,16834,1205,3149,11008
72,6/16/2020 6:00,17867,12139,16921,1214,3155,11113
73,6/17/2020 6:00,18017,12244,17020,1225,3172,11291
74,6/18/2020 6:00,18295,12414,17252,1251,3203,10814
75,6/19/2020 6:00,18377,12501,17282,1255,3203,10930
76,6/20/2020 6:00,18492,12574,17418,1263,3227,10982
77,6/21/2020 6:00,18582,12629,17514,1268,3242,11071
78,6/22/2020 6:00,18657,12693,17580,1271,3251,11151
79,6/23/2020 6:00,18753,12747,17670,1275,3259,11303
80,6/24/2020 6:00,18831,12797,17738,1278,3268,11425
81,6/25/2020 6:00,18918,12887,17833,1284,3277,11578
82,6/26/2020 6:00,18990,12952,17918,1293,3292,11670
83,6/27/2020 6:00,19054,13033,17991,1294,3300,11778
84,6/28/2020 6:00,19122,13091,18058,1300,3307,11899
85,6/29/2020 6:00,19191,13159,18127,1301,3317,12159
86,6/30/2020 6:00,19349,13288,18229,1310,3331,12052
87,7/1/2020 6:00,19463,13377,18283,1314,3344,12137
88,7/2/2020 6:00,19474,13380,18289,1314,3343,12118
89,7/3/2020 6:00,19783,13617,18460,1327,3379,12395
90,7/4/2020 6:00,19874,13709,18524,1333,3392,12509
91,7/5/2020 6:00,19953,13788,18568,1335,3403,12585
92,7/6/2020 6:00,20043,13850,18609,1337,3407,12658
93,7/7/2020 6:00,20157,13954,18690,1346,3427,12822
94,7/8/2020 6:00,20288,14062,18747,1353,3446,12965
95,7/9/2020 6:00,20515,14286,19172,1399,3419,12656
96,7/10/2020 6:00,20695,14441,19261,1409,3448,12656
97,7/11/2020 6:00,20910,14614,19357,1416,3469,12701
98,7/12/2020 6:00,21160,14797,19452,1426,3498,12776
99,7/13/2020 6:00,21250,14901,19491,1427,3518,12940
100,7/14/2020 6:00,21525,15161,19701,1446,3551,12876
101,7/15/2020 6:00,21784,15394,19822,1458,3583,12975
102,7/16/2020 6:00,22000,15599,19937,1475,3608,13045
103,7/17/2020 6:00,22225,15846,20063,1482,3634,13121
104,7/18/2020 6:00,22528,16113,20191,1490,3667,13217
105,7/19/2020 6:00,22887,16383,20321,1510,3707,13323
106,7/20/2020 6:00,23092,16548,20390,1520,3732,13403
107,7/21/2020 6:00,23414,16799,20485,1529,3761,13557
108,7/22/2020 6:00,23503,16887,20505,1532,3773,13530
109,7/23/2020 6:00,23905,17213,20670,1551,3805,13692
110,7/24/2020 6:00,24310,17486,20795,1566,3823,13786
111,7/25/2020 6:00,24844,17904,20933,1591,3863,13919
112,7/26/2020 6:00,25116,18088,21032,1597,3885,14030
113,7/27/2020 6:00,25440,18284,21115,1606,3917,14514
114,7/28/2020 6:00,25880,18540,21228,1618,3953,14305
115,7/29/2020 6:00,26189,18746,21311,1625,3984,14430
116,7/30/2020 6:00,26601,19023,21422,1634,4009,14488
117,7/31/2020 6:00,27055,19364,21593,1657,4041,14636
118,8/1/2020 6:00,27451,19640,21693,1676,4076,14829
119,8/2/2020 6:00,27823,19904,21797,1685,4118,14947
120,8/3/2020 6:00,28163,20140,21896,1698,4148,15099
121,8/4/2020 6:00,28253,19945,23151,1662,4050,14793
122,8/5/2020 6:00,28480,20106,23217,1674,4070,14879
123,8/6/2020 6:00,28784,20294,23367,1687,4098,14775
124,8/7/2020 6:00,29141,20498,23496,1701,4140,14830
125,8/8/2020 6:00,29463,20667,23636,1713,4155,14947
126,8/9/2020 6:00,29841,20895,23781,1726,4191,15069
127,8/10/2020 6:00,29964,20967,23812,1729,4198,15588
128,8/11/2020 6:00,30377,21215,23983,1752,4249,15267
129,8/12/2020 6:00,30803,21428,24200,1771,4290,14892
130,8/13/2020 6:00,31067,21624,24333,1791,4317,15028
131,8/14/2020 6:00,31356,21800,24465,1805,4338,15111
132,8/15/2020 6:00,31693,22014,24593,1823,4368,15202
133,8/16/2020 6:00,31912,22168,24672,1832,4381,15247
134,8/17/2020 6:00,32109,22322,24733,1849,4396,15306
135,8/18/2020 6:00,32296,22450,24809,1862,4413,15405
136,8/19/2020 6:00,32440,22581,24859,1863,4433,15473
137,8/20/2020 6:00,32651,22735,24952,1869,4468,15554
138,8/21/2020 6:00,32910,22944,25069,1877,4501,15598
139,8/22/2020 6:00,33135,23139,25184,1895,4530,15640
140,8/23/2020 6:00,33320,23333,25276,1912,4550,15711
141,8/24/2020 6:00,33503,23500,25343,1928,4590,15805
142,8/25/2020 6:00,33622,23574,25419,1936,4610,15885
143,8/26/2020 6:00,33753,23731,25497,1946,4627,15932
144,8/27/2020 6:00,33923,23909,25593,1963,4650,16025
145,8/28/2020 6:00,34105,24102,25669,1981,4678,16129
146,8/29/2020 6:00,34300,24338,25764,1999,4690,16203
147,8/30/2020 6:00,34463,24510,25848,2015,4721,16234
148,8/31/2020 6:00,34611,24667,25918,2022,4738,16293
149,9/1/2020 6:00,35080,25309,24872,2061,5042,16499
150,9/2/2020 6:00,35232,25541,24952,2082,5069,16443
151,9/3/2020 6:00,35440,25821,25021,2104,5097,16529
152,9/4/2020 6:00,35652,26162,25106,2121,5134,16656
153,9/5/2020 6:00,35922,26475,25186,2132,5161,16731
154,9/6/2020 6:00,36059,26702,25235,2147,5184,16792
155,9/7/2020 6:00,36304,26961,25307,2163,5219,16929
156,9/8/2020 6:00,36403,27104,25356,2167,5229,16980
157,9/9/2020 6:00,36495,27231,25397,2176,5249,17027
158,9/10/2020 6:00,36636,27439,25458,2180,5274,17091
159,9/11/2020 6:00,36811,27655,25534,2192,5323,17209
160,9/12/2020 6:00,36979,28016,25644,2210,5357,17327
161,9/13/2020 6:00,37138,28240,25706,2217,5378,17431
162,9/14/2020 6:00,37280,28441,25766,2222,5402,17535
163,9/15/2020 6:00,37451,28642,25852,2234,5418,17648
164,9/16/2020 6:00,37639,28864,25940,2249,5437,17759
165,9/17/2020 6:00,37823,29083,26042,2259,5463,17849
166,9/18/2020 6:00,37992,29269,26124,2266,5482,17929
167,9/19/2020 6:00,38168,29498,26212,2272,5509,18085
168,9/20/2020 6:00,38261,29686,26242,2282,5521,18164
169,9/21/2020 6:00,38370,29837,26305,2291,5541,18224
170,9/22/2020 6:00,38481,29945,26382,2293,5559,18252
171,9/23/2020 6:00,38590,30087,26458,2295,5574,18293
172,9/24/2020 6:00,38719,30278,26527,2305,5594,18377
173,9/25/2020 6:00,38869,30474,26621,2326,5616,18453
174,9/26/2020 6:00,38994,30635,26700,2330,5634,18679
175,9/27/2020 6:00,39111,30858,26766,2334,5665,18669
176,9/28/2020 6:00,39257,31027,26824,2344,5697,18731
177,9/29/2020 6:00,39382,31172,26902,2354,5705,18796
178,9/30/2020 6:00,39508,31329,26961,2361,5724,18842
179,10/1/2020 6:00,39670,31634,27061,2371,5761,19013
180,10/2/2020 6:00,39848,31892,27164,2383,5795,19139
181,10/3/2020 6:00,39985,32140,27257,2395,5828,19214
182,10/4/2020 6:00,40123,32303,27325,2403,5853,19283
183,10/5/2020 6:00,40250,32480,27404,2412,5891,19354
184,10/6/2020 6:00,40344,32625,27473,2423,5917,19422
185,10/7/2020 6:00,40466,32833,27532,2431,5933,19469
186,10/8/2020 6:00,40637,33120,27663,2456,5957,19592
187,10/9/2020 6:00,40831,33387,27768,2469,5990,19714
188,10/10/2020 6:00,40991,33625,27875,2479,6024,19801
189,10/11/2020 6:00,41124,33858,27966,2499,6050,19860
190,10/12/2020 6:00,41236,34023,28068,2507,6087,19940
191,10/13/2020 6:00,41453,34191,28230,2525,6119,19825
192,10/14/2020 6:00,41603,34416,28317,2536,6154,19892
193,10/15/2020 6:00,41767,34640,28418,2556,6198,19969
194,10/16/2020 6:00,41929,34928,28561,2573,6231,20107
195,10/17/2020 6:00,42152,35207,28708,2591,6277,20192
196,10/18/2020 6:00,42282,35417,28794,2602,6299,20263
197,10/19/2020 6:00,42415,35593,28879,2610,6322,20335
198,10/20/2020 6:00,42567,35784,28997,2629,6346,20421
199,10/21/2020 6:00,42702,35946,29085,2632,6370,20501
200,10/22/2020 6:00,42907,36207,29229,2644,6401,20591
201,10/23/2020 6:00,43093,36460,29349,2663,6438,20688
202,10/24/2020 6:00,43306,36753,29513,2673,6468,20774
203,10/25/2020 6:00,43513,37023,29634,2687,6520,20902
204,10/26/2020 6:00,43642,37220,29727,2695,6558,21002
205,10/27/2020 6:00,43861,37519,29910,2712,6596,21143
206,10/28/2020 6:00,44035,37775,30054,2730,6628,21203
207,10/29/2020 6:00,44289,38112,30255,2750,6680,21301
208,10/30/2020 6:00,44529,38458,30430,2766,6713,21418
209,10/31/2020 6:00,44775,38807,30644,2790,6745,21520
210,11/1/2020 5:00,45026,39114,30801,2810,6792,21602
211,11/2/2020 5:00,45273,39362,30957,2823,6828,21752
212,11/3/2020 5:00,45515,39662,31086,2836,6873,21794
213,11/4/2020 5:00,45723,39978,31214,2846,6915,22090
214,11/5/2020 5:00,46059,40546,31433,2880,6994,22052
215,11/6/2020 5:00,46466,41107,31717,2913,7057,22245
216,11/7/2020 5:00,46824,41648,31957,2930,7140,22416
217,11/8/2020 5:00,47114,42120,32106,2951,7193,22512
218,11/9/2020 5:00,47474,42622,32302,2983,7256,22734
219,11/10/2020 5:00,47855,43083,32541,3017,7305,22908
220,11/11/2020 5:00,48267,43765,32817,3056,7381,23137
221,11/12/2020 5:00,48766,44380,33033,3101,7436,23184
222,11/13/2020 5:00,49248,45110,33319,3129,7524,23439
223,11/14/2020 5:00,49857,46026,33619,3166,7619,23803
224,11/15/2020 5:00,50362,46745,33829,3204,7697,24093
225,11/16/2020 5:00,50866,47465,34028,3246,7780,24271
226,11/17/2020 5:00,51416,48245,34373,3286,7874,24611
227,11/18/2020 5:00,51959,49109,34622,3333,7964,24836
228,11/19/2020 5:00,52705,50204,34983,3391,8086,25364
229,11/20/2020 5:00,53367,51076,35273,3439,8184,25747
230,11/21/2020 5:00,54119,52082,35514,3480,8253,26523
231,11/22/2020 5:00,54785,53248,35805,3546,8353,26402
232,11/23/2020 5:00,55302,53914,35967,3587,8434,26593
233,11/24/2020 5:00,55775,54600,36218,3625,8520,26726
234,11/25/2020 5:00,56544,55720,36545,3669,8618,27065
235,11/26/2020 5:00,57241,56850,36842,3730,8743,27074
236,11/27/2020 5:00,57903,57735,37099,3795,8816,27510
237,11/28/2020 5:00,58365,58336,37317,3826,8871,27733
238,11/29/2020 5:00,58842,59209,37550,3876,8957,28013
239,11/30/2020 5:00,59359,60009,37766,3937,9043,28256
240,12/1/2020 5:00,60159,60858,38106,3989,9151,28872
241,12/2/2020 5:00,60744,61776,38328,4032,9272,29203
242,12/3/2020 5:00,61290,62676,38586,4084,9360,29403
243,12/4/2020 5:00,62197,64055,39082,4149,9484,30224
244,12/5/2020 5:00,63046,65224,39556,4202,9612,30744
245,12/6/2020 5:00,63725,66317,39924,4276,9764,31021
246,12/7/2020 5:00,64402,67175,40275,4341,9897,31239
247,12/8/2020 5:00,65043,67876,40552,4377,9971,32142
248,12/9/2020 5:00,65894,69171,40932,4449,10126,32081
249,12/10/2020 5:00,66765,70347,41379,4519,10299,32546
250,12/11/2020 5:00,67520,71275,41801,4583,10427,32865
251,12/12/2020 5:00,68466,72519,42293,4659,10587,33485
252,12/13/2020 5:00,69144,73462,42650,4731,10726,33934
253,12/14/2020 5:00,69786,74295,42968,4790,10853,34269
254,12/15/2020 5:00,70501,75106,43336,4843,10949,34627
255,12/16/2020 5:00,71159,75985,43618,4908,11080,35017
256,12/17/2020 5:00,71786,76865,43865,4942,11186,35340
257,12/18/2020 5:00,72524,77779,44241,5001,11274,35734
258,12/19/2020 5:00,73091,78672,44520,5051,11387,36033
259,12/20/2020 5:00,73644,79528,44722,5099,11467,36348
260,12/21/2020 5:00,74271,80358,45036,5153,11586,36669
261,12/22/2020 5:00,74860,81219,45308,5220,11699,37091
262,12/23/2020 5:00,75524,82179,45643,5275,11817,37424
263,12/24/2020 5:00,76211,83339,46040,5354,11962,37822
264,12/25/2020 5:00,76780,84277,46352,5426,12086,38239
265,12/26/2020 5:00,77350,85197,46631,5478,12201,38583
266,12/27/2020 5:00,77826,85908,46855,5529,12283,38797
267,12/28/2020 5:00,78325,86664,47107,5588,12364,39135
268,12/29/2020 5:00,78846,87390,47352,5641,12466,39366
269,12/30/2020 5:00,79556,88461,47657,5701,12596,39718
270,12/31/2020 5:00,80223,89801,47989,5794,12735,40120
271,1/1/2021 5:00,81075,91299,48433,5856,12910,40646
272,1/2/2021 5:00,81798,92447,48809,5907,13050,41160
273,1/3/2021 5:00,82325,93353,49088,5954,13153,41446
274,1/4/2021 5:00,82912,94324,49403,6019,13280,41864
275,1/5/2021 5:00,83434,95050,49648,6061,13381,42184
276,1/6/2021 5:00,84111,96496,50017,6129,13534,42617
277,1/7/2021 5:00,84808,97724,50418,6207,13713,43004
278,1/8/2021 5:00,85684,99380,50808,6314,13918,43502
279,1/9/2021 5:00,86612,100863,51285,6412,14119,44073
280,1/10/2021 5:00,87442,102162,51723,6490,14272,44585
281,1/11/2021 5:00,88181,103395,52076,6571,14416,45047
282,1/12/2021 5:00,88814,104415,52461,6644,14584,45433
283,1/13/2021 5:00,89445,105437,52739,6692,14673,45881
284,1/14/2021 5:00,90196,106595,53182,6783,14861,46198
285,1/15/2021 5:00,90919,107828,53573,6867,14998,46554
286,1/16/2021 5:00,91776,109156,53989,6952,15178,46980
287,1/17/2021 5:00,92478,110133,54329,7013,15297,47195
288,1/18/2021 5:00,92991,110819,54560,7055,15381,47408
289,1/19/2021 5:00,93515,111612,54840,7107,15470,47642
290,1/20/2021 5:00,94096,112492,55152,7166,15570,47877
291,1/21/2021 5:00,94676,113365,55417,7217,15665,48179
292,1/22/2021 5:00,95336,114359,55721,7275,15760,48464
293,1/23/2021 5:00,96044,115308,56063,7329,15872,48691
294,1/24/2021 5:00,96685,116088,56337,7398,15969,48975
295,1/25/2021 5:00,97149,116713,56632,7446,16037,49161
296,1/26/2021 5:00,97614,117278,56784,7494,16112,49338
297,1/27/2021 5:00,98200,117997,57054,7564,16213,49531
298,1/28/2021 5:00,98829,118912,57295,7615,16329,49769
299,1/29/2021 5:00,99405,119649,57531,7670,16418,49956
300,1/30/2021 5:00,100029,120463,57803,7719,16553,50159
301,1/31/2021 5:00,100529,121178,58018,7773,16650,50325
302,2/1/2021 5:00,100877,121621,58181,7803,16705,50449
303,2/2/2021 5:00,101160,121919,58342,7836,16743,50541
304,2/3/2021 5:00,101453,122277,58447,7863,16793,50650
305,2/4/2021 5:00,101954,122857,58655,7911,16849,50811
306,2/5/2021 5:00,102381,123509,58871,7968,16894,50961
307,2/6/2021 5:00,102828,124143,59082,8017,16964,51050
308,2/7/2021 5:00,103326,124776,59224,8046,17038,51240
309,2/8/2021 5:00,103618,125146,59331,8078,17079,51301
310,2/9/2021 5:00,103919,125464,59500,8116,17118,51412
311,2/10/2021 5:00,104313,125916,59637,8152,17163,51485
312,2/11/2021 5:00,104731,126460,59789,8187,17227,51471
313,2/12/2021 5:00,105087,126901,59920,8219,17281,51569
314,2/13/2021 5:00,105423,127344,60068,8252,17331,51718
315,2/14/2021 5:00,105686,127674,60190,8269,17372,51792
316,2/15/2021 5:00,105906,127950,60275,8298,17415,51861
317,2/16/2021 5:00,106062,128167,60358,8316,17447,51871
318,2/17/2021 5:00,106360,128441,60448,8340,17497,51894
319,2/18/2021 5:00,106711,128821,60548,8370,17535,51981
320,2/19/2021 5:00,107034,129257,60651,8403,17594,52035
321,2/20/2021 5:00,107295,129550,60735,8427,17651,52079
322,2/21/2021 5:00,107496,129833,60808,8444,17674,52100
323,2/22/2021 5:00,107690,130102,60862,8461,17710,52141
324,2/23/2021 5:00,107945,130344,60945,8479,17743,52172
325,2/24/2021 5:00,108275,130687,61045,8500,17771,52212
326,2/25/2021 5:00,108638,131069,61141,8541,17810,52267
327,2/26/2021 5:00,108964,131459,61264,8571,17857,52321
328,2/27/2021 5:00,109265,131755,61379,8603,17902,52368
329,2/28/2021 5:00,109532,132094,61466,8623,17938,52446
330,3/1/2021 5:00,109768,132315,61587,8642,17950,52440
331,3/2/2021 5:00,109924,132480,61652,8674,17970,52470
332,3/3/2021 5:00,110215,132787,61746,8706,17998,52504
333,3/4/2021 5:00,111111,133654,61993,8761,18107,51139
334,3/5/2021 5:00,111453,134030,62085,8792,18173,51145
335,3/6/2021 5:00,111763,134401,62202,8824,18282,51138
336,3/7/2021 5:00,112033,134697,62261,8867,18321,51140
337,3/8/2021 5:00,112287,134965,62323,8909,18356,51195
338,3/9/2021 5:00,112499,135233,62418,8955,18394,51167
339,3/10/2021 5:00,112790,135611,62511,9005,18432,51217
340,3/11/2021 5:00,113132,135973,62593,9032,18484,51276
341,3/12/2021 5:00,113400,136277,62657,9057,18515,51574
342,3/13/2021 5:00,113892,136846,62818,9124,18583,51318
343,3/14/2021 6:00,114234,137182,62901,9147,18612,51365
344,3/15/2021 6:00,114489,137396,62961,9175,18641,51396
345,3/16/2021 6:00,114738,137646,63054,9193,18676,51409
346,3/17/2021 6:00,115096,138004,63151,9224,18738,51420
347,3/18/2021 6:00,115508,138445,63273,9265,18787,51468
348,3/19/2021 6:00,115952,138844,63388,9307,18829,51578
349,3/20/2021 6:00,116383,139255,63521,9331,18871,51655
350,3/21/2021 6:00,116815,139609,63602,9361,18931,51705
351,3/22/2021 6:00,117092,139879,63655,9391,18973,51715
352,3/23/2021 6:00,117399,140194,63719,9413,19004,51698
353,3/24/2021 6:00,117875,140665,63837,9446,19051,51726
354,3/25/2021 6:00,118329,141113,63948,9487,19096,52009
355,3/26/2021 6:00,118957,141793,64098,9529,19150,51816
356,3/27/2021 6:00,119498,142316,64220,9565,19205,51905
357,3/28/2021 6:00,120041,142857,64310,9612,19260,51964
358,3/29/2021 6:00,120416,143242,64371,9633,19305,52108
359,3/30/2021 6:00,120807,143582,64474,9668,19326,52121
360,3/31/2021 6:00,121368,144111,64585,9701,19372,52207
361,4/1/2021 6:00,122009,144746,64722,9755,19441,52255
362,4/2/2021 6:00,122623,145325,64830,9793,19513,52301
363,4/3/2021 6:00,123108,145845,64941,9839,19569,52358
364,4/4/2021 6:00,123814,146479,65085,9883,19632,52436
365,4/5/2021 6:00,124176,146789,65166,9905,19667,52485
366,4/6/2021 6:00,124517,147166,65261,9936,19713,52462
367,4/7/2021 6:00,125178,147687,65385,9979,19775,52522
368,4/8/2021 6:00,125765,148238,65666,10148,19730,52276
369,4/9/2021 6:00,126510,148987,65813,10192,19809,52352
370,4/10/2021 6:00,127189,149573,65966,10243,19880,52396
371,4/11/2021 6:00,127804,150113,66089,10277,19943,52504
372,4/12/2021 6:00,128250,150433,66191,10304,19987,52550
373,4/13/2021 6:00,128698,150823,66322,10343,20039,52574
374,4/14/2021 6:00,129287,151286,66422,10362,20071,52923
375,4/15/2021 6:00,130023,151960,66552,10404,20149,52707
376,4/16/2021 6:00,130679,152542,66697,10440,20232,52769
377,4/17/2021 6:00,130886,152696,66765,10452,20253,53807
378,4/18/2021 6:00,131903,153570,66942,10514,20374,52725
379,4/19/2021 6:00,132201,153836,66975,10532,20412,52703
380,4/20/2021 6:00,132606,154145,67094,10554,20457,52728
381,4/21/2021 6:00,133087,154577,67220,10576,20511,52818
382,4/22/2021 6:00,133597,155028,67341,10601,20571,52854
383,4/23/2021 6:00,134111,155463,67466,10627,20636,52852
384,4/24/2021 6:00,134621,155917,67586,10658,20697,52872
385,4/25/2021 6:00,134978,156245,67651,10677,20715,52991
386,4/26/2021 6:00,135255,156461,67725,10703,20745,52925
387,4/27/2021 6:00,135534,156649,67787,10726,20746,53049
388,4/28/2021 6:00,135974,157106,67903,10764,20801,52945
389,4/29/2021 6:00,136394,157481,68005,10794,20852,52933
390,4/30/2021 6:00,136815,157816,68093,10826,20890,52961
391,5/1/2021 6:00,137238,158181,68180,10850,20932,52959
392,5/2/2021 6:00,137564,158424,68240,10862,20961,52938
393,5/3/2021 6:00,137812,158593,68301,10871,20992,52940
394,5/4/2021 6:00,138056,158782,68349,10885,21011,52927
395,5/5/2021 6:00,138375,159036,68416,10908,21043,52911
396,5/6/2021 6:00,138641,159245,68482,10923,21076,52900
397,5/7/2021 6:00,139022,159518,68554,10937,21109,52895
398,5/8/2021 6:00,139303,159752,68622,10951,21142,52921
399,5/9/2021 6:00,139486,159930,68653,10957,21162,52937
400,5/10/2021 6:00,139620,160020,68684,10963,21173,52941
401,5/11/2021 6:00,139775,160185,68748,10969,21195,52928
402,5/12/2021 6:00,139972,160357,68815,10979,21216,52932
403,5/13/2021 6:00,140182,160545,68878,10999,21239,52902
404,5/14/2021 6:00,140398,160763,68946,11005,21253,52892
405,5/15/2021 6:00,140592,160896,69007,11019,21268,52853
406,5/16/2021 6:00,140773,161035,69044,11024,21292,52836
407,5/17/2021 6:00,140861,161101,69081,11028,21299,52846
408,5/18/2021 6:00,140978,161186,69108,11032,21313,52811
409,5/19/2021 6:00,141135,161340,69155,11046,21326,52763
410,5/20/2021 6:00,141288,161478,69192,11051,21340,52735
411,5/21/2021 6:00,141524,161627,69249,11059,21358,52710
412,5/22/2021 6:00,141836,161793,69306,11068,21367,52678
413,5/23/2021 6:00,141972,161871,69337,11074,21380,52658
414,5/24/2021 6:00,142109,161939,69365,11076,21381,52650
415,5/25/2021 6:00,142201,162005,69387,11079,21390,52618
416,5/26/2021 6:00,142295,162096,69423,11085,21401,52578
417,5/27/2021 6:00,142404,162186,69460,11088,21407,52550
418,5/28/2021 6:00,142524,162288,69505,11094,21424,52508
419,5/29/2021 6:00,142598,162380,69531,11097,21433,52489
420,5/30/2021 6:00,142698,162491,69582,11110,21450,52446
421,5/31/2021 6:00,142746,162544,69598,11112,21456,52438
422,6/1/2021 6:00,142804,162570,69619,11115,21463,52424
423,6/2/2021 6:00,142843,162613,69636,11118,21459,52391
424,6/3/2021 6:00,142922,162674,69665,11119,21465,52349
425,6/4/2021 6:00,142997,162745,69701,11119,21465,52312
426,6/5/2021 6:00,143071,162811,69716,11122,21470,52281
427,6/6/2021 6:00,143138,162846,69740,11124,21470,52257
428,6/7/2021 6:00,143176,162885,69757,11127,21475,52239
429,6/8/2021 6:00,143220,162926,69776,11130,21473,52212
430,6/9/2021 6:00,143282,162988,69805,11136,21468,52184
431,6/10/2021 6:00,143341,162917,69855,11327,21573,51971
432,6/11/2021 6:00,143396,162970,69888,11331,21581,51931
433,6/12/2021 6:00,143457,163015,69914,11339,21582,51876
434,6/13/2021 6:00,143499,163044,69929,11340,21589,51864
435,6/14/2021 6:00,143525,163071,69938,11341,21594,51856
436,6/15/2021 6:00,143569,163120,69964,11343,21591,51805
437,6/16/2021 6:00,143629,163169,69982,11346,21599,51745
438,6/17/2021 6:00,143670,163223,70013,11347,21593,51703
439,6/18/2021 6:00,143728,163275,70049,11353,21592,51638
440,6/19/2021 6:00,143737,163294,70055,11356,21591,51664
441,6/20/2021 6:00,143786,163330,70078,11359,21597,51589
442,6/21/2021 6:00,143809,163352,70087,11360,21599,51572
443,6/22/2021 6:00,143836,163385,70103,11360,21604,51540
444,6/23/2021 6:00,143864,163429,70117,11365,21611,51501
445,6/24/2021 6:00,143892,163461,70116,11365,21609,51510
446,6/25/2021 6:00,143928,163497,70138,11366,21609,51479
447,6/26/2021 6:00,143962,163513,70152,11366,21611,51474
448,6/27/2021 6:00,144013,163550,70178,11376,21614,51413
449,6/28/2021 6:00,144034,163564,70190,11379,21615,51399
450,6/29/2021 6:00,144051,163589,70201,11380,21624,51372
451,6/30/2021 6:00,144083,163618,70220,11388,21629,51341
452,7/1/2021 6:00,144116,163665,70247,11395,21635,51296
453,7/2/2021 6:00,144168,163709,70269,11401,21635,51257
454,7/3/2021 6:00,144205,163767,70282,11408,21640,51233
455,7/4/2021 6:00,144226,163794,70290,11413,21643,51230
456,7/5/2021 6:00,144248,163802,70297,11415,21642,51230
457,7/6/2021 6:00,144269,163837,70308,11419,21640,51208
458,7/7/2021 6:00,144301,163879,70326,11422,21641,51167
459,7/8/2021 6:00,144347,163903,70399,11451,21663,51072
460,7/9/2021 6:00,144401,163962,70415,11459,21663,51080
461,7/10/2021 6:00,144465,164023,70439,11468,21661,51051
462,7/11/2021 6:00,144497,164049,70452,11472,21669,51047
463,7/12/2021 6:00,144527,164088,70462,11471,21667,51050
464,7/13/2021 6:00,144583,164133,70483,11475,21673,51036
465,7/14/2021 6:00,144631,164189,70499,11478,21683,51007
466,7/15/2021 6:00,144705,164273,70533,11480,21693,50981
467,7/16/2021 6:00,144773,164363,70561,11492,21704,50955
468,7/17/2021 6:00,144857,164438,70595,11497,21710,50934
469,7/18/2021 6:00,144931,164498,70618,11500,21714,50936
470,7/19/2021 6:00,144980,164558,70632,11501,21718,50947
471,7/20/2021 6:00,145057,164636,70656,11502,21726,50914
472,7/21/2021 6:00,145172,164743,70682,11511,21751,50876
473,7/22/2021 6:00,145280,164894,70714,11521,21764,50865
474,7/23/2021 6:00,145394,165026,70749,11530,21774,50853
475,7/24/2021 6:00,145510,165169,70787,11539,21787,50851
476,7/25/2021 6:00,145629,165291,70814,11549,21800,50866
477,7/26/2021 6:00,145732,165393,70840,11550,21809,50881
478,7/27/2021 6:00,145857,165544,70874,11558,21819,50862
479,7/28/2021 6:00,146024,165707,70918,11566,21830,50885
480,7/29/2021 6:00,146233,165915,70966,11572,21846,50903
481,7/30/2021 6:00,146460,166125,71013,11581,21878,50904
482,7/31/2021 6:00,146674,166364,71062,11596,21909,50943
483,8/1/2021 6:00,146879,166595,71106,11602,21934,50979
484,8/2/2021 6:00,147079,166764,71136,11617,21950,50996
485,8/3/2021 6:00,147207,166923,71178,11628,21965,51009
486,8/4/2021 6:00,147487,167220,71229,11644,21996,51029
487,8/5/2021 6:00,147784,167570,71336,11665,21999,50980
488,8/6/2021 6:00,148143,167942,71408,11689,22028,51014
489,8/7/2021 6:00,148505,168292,71485,11710,22066,51058
490,8/8/2021 6:00,148841,168639,71547,11733,22099,51110
491,8/9/2021 6:00,149067,168881,71586,11746,22131,51144
492,8/10/2021 6:00,149324,169146,71663,11772,22149,51130
493,8/11/2021 6:00,149639,169576,71738,11786,22185,51146
494,8/12/2021 6:00,150172,170112,71888,11811,22245,50889
495,8/13/2021 6:00,150538,170648,71965,11835,22278,50803
496,8/14/2021 6:00,150934,171106,72033,11851,22318,50841
497,8/15/2021 6:00,151278,171452,72090,11874,22358,50900
498,8/16/2021 6:00,151569,171791,72129,11891,22393,50945
499,8/17/2021 6:00,151866,172195,72192,11909,22432,50975
500,8/18/2021 6:00,152242,172649,72261,11926,22479,51024
501,8/19/2021 6:00,152637,173153,72334,11945,22516,51056
502,8/20/2021 6:00,153056,173700,72439,11970,22568,51114
503,8/21/2021 6:00,153406,174254,72526,11995,22610,51187
504,8/22/2021 6:00,153738,174764,72572,12012,22661,51221
505,8/23/2021 6:00,154070,175203,72635,12031,22690,51264
506,8/24/2021 6:00,154341,175622,72705,12048,22740,51284
507,8/25/2021 6:00,154753,176185,72792,12072,22783,51345
508,8/26/2021 6:00,155159,176783,72887,12100,22846,51399
509,8/27/2021 6:00,155593,177463,72999,12111,22900,51481
510,8/28/2021 6:00,156111,178203,73138,12167,22980,51316
511,8/29/2021 6:00,156390,178577,73184,12159,23007,51665
512,8/30/2021 6:00,156710,179047,73238,12177,23048,51704
513,8/31/2021 6:00,157085,179539,73322,12195,23085,51776
514,9/1/2021 6:00,157502,180155,73408,12213,23156,51942
515,9/2/2021 6:00,157834,180680,73486,12230,23197,52221
516,9/3/2021 6:00,158385,181510,73652,12263,23286,51939
517,9/4/2021 6:00,158737,182132,73741,12285,23346,51988
518,9/5/2021 6:00,159022,182500,73818,12301,23375,52018
519,9/6/2021 6:00,159322,183028,73912,12319,23422,52058
520,9/7/2021 6:00,159619,183367,73976,12346,23455,52093
521,9/8/2021 6:00,159871,183694,74050,12365,23500,52077
522,9/9/2021 6:00,160199,184124,74195,12377,23527,52042
523,9/10/2021 6:00,160726,184857,74306,12407,23597,52124
524,9/11/2021 6:00,161123,185566,74416,12434,23643,52211
525,9/12/2021 6:00,161505,186159,74506,12454,23694,52225
526,9/13/2021 6:00,161818,186668,74602,12468,23733,52357
527,9/14/2021 6:00,162150,187210,74715,12487,23782,52396
528,9/15/2021 6:00,162473,187873,74819,12501,23831,52432
529,9/16/2021 6:00,162890,188571,74913,12530,23880,52475
530,9/17/2021 6:00,163332,189368,75035,12555,23941,52553
531,9/18/2021 6:00,163698,190059,75121,12578,23980,52625
532,9/19/2021 6:00,164030,190577,75203,12595,24020,52672
533,9/20/2021 6:00,164337,191193,75290,12612,24074,52730
534,9/21/2021 6:00,164592,191718,75363,12635,24122,52780
535,9/22/2021 6:00,164946,192341,75449,12654,24154,52811
536,9/23/2021 6:00,165347,193105,75561,12677,24208,52862
537,9/24/2021 6:00,165742,193818,75667,12711,24261,52924
538,9/25/2021 6:00,166126,194549,75777,12729,24311,53198
539,9/26/2021 6:00,166395,195059,75839,12740,24341,53430
540,9/27/2021 6:00,166791,195824,75946,12771,24412,53020
541,9/28/2021 6:00,167047,196357,76052,12782,24465,53033
542,9/29/2021 6:00,167380,196983,76124,12804,24518,53052
543,9/30/2021 6:00,167814,197745,76239,12845,24591,53106
544,10/1/2021 6:00,168299,198499,76359,12888,24646,53179
545,10/2/2021 6:00,168628,199281,76456,12913,24705,53174
546,10/3/2021 6:00,168909,199860,76541,12937,24774,53228
547,10/4/2021 6:00,169180,200459,76630,12957,24821,53280
548,10/5/2021 6:00,169354,200829,76701,12986,24841,53265
549,10/6/2021 6:00,169659,201456,76782,13001,24904,53251
550,10/7/2021 6:00,170021,202302,76949,13089,24947,53143
551,10/8/2021 6:00,170338,203001,77035,13122,24991,53140
552,10/9/2021 6:00,170681,203745,77153,13149,25029,53129
553,10/10/2021 6:00,171117,204396,77278,13184,25130,52923
554,10/11/2021 6:00,171297,204859,77344,13211,25174,53143
555,10/12/2021 6:00,171434,205072,77399,13223,25203,53108
556,10/13/2021 6:00,171738,205703,77471,13235,25240,53165
557,10/14/2021 6:00,172137,206506,77588,13265,25291,52888
558,10/15/2021 6:00,172428,207121,77693,13276,25344,52881
559,10/16/2021 6:00,172692,207664,77770,13302,25380,52871
560,10/17/2021 6:00,172938,208132,77856,13315,25431,52878
561,10/18/2021 6:00,173134,208525,77932,13330,25463,52880
562,10/19/2021 6:00,173279,208833,77989,13347,25491,52868
563,10/20/2021 6:00,173508,209248,78056,13364,25529,52819
564,10/21/2021 6:00,173752,209917,78156,13381,25576,52811
565,10/22/2021 6:00,173998,210427,78228,13395,25608,52800
566,10/23/2021 6:00,174201,210976,78300,13424,25649,52816
567,10/24/2021 6:00,174399,211398,78372,13444,25673,52797
568,10/25/2021 6:00,174535,211687,78414,13454,25685,52820
569,10/26/2021 6:00,174678,212060,78463,13466,25715,52810
570,10/27/2021 6:00,174865,212497,78537,13483,25747,52794
571,10/28/2021 6:00,175091,213037,78633,13504,25802,52785
572,10/29/2021 6:00,175313,213617,78705,13526,25837,52765
573,10/30/2021 6:00,175537,214124,78791,13547,25866,52769
574,10/31/2021 6:00,175704,214489,78843,13563,25898,52773
575,11/1/2021 6:00,175838,214758,78873,13578,25910,52761
576,11/2/2021 6:00,175993,215034,78922,13594,25931,52726
577,11/3/2021 6:00,176200,215522,78994,13607,25976,52597
578,11/4/2021 6:00,176388,216017,79078,13638,25992,52583
579,11/5/2021 6:00,176625,216533,79150,13676,26017,52563
580,11/6/2021 6:00,176833,216981,79237,13698,26049,52557
581,11/7/2021 5:00,177011,217403,79297,13713,26083,52575
582,11/8/2021 5:00,177129,217706,79332,13725,26110,52635
583,11/9/2021 5:00,177256,217998,79396,13749,26124,52562
584,11/10/2021 5:00,177470,218476,79469,13770,26160,52584
585,11/11/2021 5:00,177754,219052,79602,13830,26162,52514
586,11/12/2021 5:00,178004,219572,79690,13856,26200,52501
587,11/13/2021 5:00,178220,220145,79772,13892,26243,52534
588,11/14/2021 5:00,178430,220629,79847,13912,26278,52529
589,11/15/2021 5:00,178593,221041,79894,13927,26316,52571
590,11/16/2021 5:00,178772,221429,79968,13948,26355,52572
591,11/17/2021 5:00,178988,221929,80034,13968,26388,52528
592,11/18/2021 5:00,179262,222586,80126,14000,26442,52498
593,11/19/2021 5:00,179562,223163,80217,14048,26475,52531
594,11/20/2021 5:00,179786,223726,80291,14073,26515,52622
595,11/21/2021 5:00,180072,224277,80374,14107,26549,52640
596,11/22/2021 5:00,180285,224723,80464,14154,26584,52641
597,11/23/2021 5:00,180456,225178,80523,14180,26614,52640
598,11/24/2021 5:00,180664,225726,80599,14210,26642,52655
599,11/25/2021 5:00,180933,226417,80685,14254,26672,52650
600,11/26/2021 5:00,181197,227001,80763,14284,26718,52645
601,11/27/2021 5:00,181389,227396,80825,14300,26744,52645
602,11/28/2021 5:00,181594,227892,80881,14334,26784,52652
603,11/29/2021 5:00,181803,228328,80926,14361,26822,52659
604,11/30/2021 5:00,182098,229030,81031,14407,26879,52698
605,12/1/2021 5:00,182383,229708,81133,14448,26920,52693
606,12/2/2021 5:00,182812,230803,81267,14489,26997,52745
607,12/3/2021 5:00,183270,231774,81397,14543,27064,52765
608,12/4/2021 5:00,186143,234781,82828,15068,27238,46621
609,12/5/2021 5:00,186413,235295,82914,15083,27281,46690
610,12/6/2021 5:00,186657,235813,83014,15114,27326,46731
611,12/7/2021 5:00,186927,236526,83121,15147,27380,46743
612,12/8/2021 5:00,187285,237176,83211,15185,27444,46750
613,12/9/2021 5:00,187767,237972,83326,15221,27524,46761
614,12/10/2021 5:00,188245,238844,83475,15255,27598,46899
615,12/11/2021 5:00,188638,239461,83559,15286,27654,46958
616,12/12/2021 5:00,189058,240136,83636,15324,27703,47060
617,12/13/2021 5:00,189496,240866,83748,15363,27753,47141
618,12/14/2021 5:00,190070,241653,83870,15403,27823,47264
619,12/15/2021 5:00,190877,242546,84063,15487,27900,47401
620,12/16/2021 5:00,192372,243602,84312,15595,28037,47501
621,12/17/2021 5:00,194037,244836,84562,15674,28171,47672
622,12/18/2021 5:00,195472,246125,84823,15762,28298,47823
623,12/19/2021 5:00,196475,247045,85018,15831,28397,48009
624,12/20/2021 5:00,197001,247437,85109,15867,28446,48099
625,12/21/2021 5:00,200021,249440,85739,16097,28715,48385
626,12/22/2021 5:00,202170,251065,86075,16203,28914,48589
627,12/23/2021 5:00,205869,253307,86693,16419,29239,49008
628,12/24/2021 5:00,210736,256838,87603,16758,29694,49536
629,12/25/2021 5:00,215427,259944,88413,17068,30189,50052
630,12/26/2021 5:00,218376,261876,88948,17233,30476,50378
631,12/27/2021 5:00,221408,263376,89479,17398,30742,50668
632,12/28/2021 5:00,224955,265586,90136,17603,31040,51031
633,12/29/2021 5:00,230221,269403,91296,18067,31681,51593
634,12/30/2021 5:00,236547,274393,93052,18682,32509,52524
635,12/31/2021 5:00,242191,278438,94633,19141,33153,53258
636,1/1/2022 5:00,248233,283257,96423,19722,33945,54143
637,1/2/2022 5:00,252842,286951,97633,20127,34538,54914
638,1/3/2022 5:00,257792,291872,100138,21058,35261,55803
639,1/4/2022 5:00,263501,296884,102096,21726,36126,56838
640,1/5/2022 5:00,267604,300985,103395,22246,36743,57411
641,1/6/2022 5:00,272208,305815,105229,22987,37570,58293
642,1/7/2022 5:00,276612,310520,106860,23662,38283,58954
643,1/8/2022 5:00,281156,315617,108746,24385,39096,59656
644,1/9/2022 5:00,286775,322017,111065,25362,40186,61123
645,1/10/2022 5:00,290027,325478,112529,26006,40765,61875
646,1/11/2022 5:00,293004,329380,114096,26636,41302,62575
647,1/12/2022 5:00,296577,333724,115674,27348,42016,63340
648,1/13/2022 5:00,300218,338047,117040,28060,42640,63901
649,1/14/2022 5:00,303468,342192,118246,28536,43177,64776
650,1/15/2022 5:00,306242,346606,119468,29133,43745,65559
651,1/16/2022 5:00,308497,349948,120520,29500,44178,66324
652,1/17/2022 5:00,310275,352807,121359,29842,44552,66920
653,1/18/2022 5:00,311157,354323,121772,30007,44721,67207
654,1/19/2022 5:00,312139,356284,122313,30285,44984,67535
655,1/20/2022 5:00,314767,359621,123228,30838,45484,68834
656,1/21/2022 5:00,316041,361968,123663,31060,45748,69304
657,1/22/2022 5:00,317320,364356,124172,31287,46000,69717
658,1/23/2022 5:00,318250,366290,124503,31458,46181,69956
659,1/24/2022 5:00,318915,367685,124771,31589,46345,70121
660,1/25/2022 5:00,319510,368976,125008,31729,46475,70303
661,1/26/2022 5:00,320199,370379,125424,31880,46656,70563
662,1/27/2022 5:00,321047,372101,125743,32034,46844,70771
663,1/28/2022 5:00,321754,373707,126027,32171,47004,71050
664,1/29/2022 5:00,322321,375051,126228,32291,47124,71225
665,1/30/2022 5:00,322819,376007,126418,32393,47241,71367
666,1/31/2022 5:00,323072,376615,126492,32445,47300,71446
667,2/1/2022 5:00,323390,377331,126746,32517,47383,71585
668,2/2/2022 5:00,323710,378140,126857,32579,47459,71681
669,2/3/2022 5:00,324193,379298,127024,32697,47550,71836
670,2/4/2022 5:00,324573,380230,127135,32770,47641,71942
671,2/5/2022 5:00,324946,381046,127335,32854,47728,72073
672,2/6/2022 5:00,325218,381669,127413,32912,47788,72147
673,2/7/2022 5:00,325415,382069,127459,32956,47830,72213
674,2/8/2022 5:00,325574,382489,127532,32999,47877,72267
675,2/9/2022 5:00,325736,382934,127582,33038,47915,72327
676,2/10/2022 5:00,325973,383533,127657,33098,47961,72409
677,2/11/2022 5:00,326177,384006,127730,33145,48007,72504
678,2/12/2022 5:00,326354,384555,127797,33192,48062,72550
679,2/13/2022 5:00,326502,384962,127842,33227,48103,72592
680,2/14/2022 5:00,326583,385197,127869,33255,48128,72621
681,2/15/2022 5:00,326807,385753,127903,33259,48148,72226
682,2/16/2022 5:00,326918,386059,127958,33289,48177,72176
683,2/17/2022 5:00,327081,386541,128021,33329,48200,72156
684,2/18/2022 5:00,327291,387036,128091,33379,48250,72135
685,2/19/2022 5:00,327472,387582,128168,33426,48285,72114
686,2/20/2022 5:00,327910,388061,128259,33497,48339,72070
687,2/21/2022 5:00,327995,388266,128290,33523,48358,72073
688,2/22/2022 5:00,328095,388506,128326,33547,48379,72035
689,2/23/2022 5:00,328181,388714,128365,33565,48391,72013
690,2/24/2022 5:00,328328,389121,128425,33606,48422,71988
691,2/25/2022 5:00,328487,389519,128476,33631,48468,71981
692,2/26/2022 5:00,328738,389989,128581,33709,48505,71987
693,2/27/2022 5:00,328825,390233,128609,33729,48527,71967
694,2/28/2022 5:00,328903,390478,128650,33747,48549,71952
695,3/1/2022 5:00,328986,390728,128697,33763,48572,71888
696,3/2/2022 5:00,329097,390965,128741,33796,48590,71850
697,3/3/2022 5:00,329207,391264,128793,33819,48621,71806
698,3/4/2022 5:00,329300,391510,128832,33836,48644,71786
699,3/5/2022 5:00,329391,391735,128860,33857,48664,71783
700,3/6/2022 5:00,329460,391858,128896,33868,48683,71774
701,3/7/2022 5:00,329513,391992,128909,33877,48693,71778
702,3/8/2022 5:00,329572,392154,128951,33899,48705,71775
703,3/9/2022 5:00,329657,392313,128980,33921,48724,71738
704,3/10/2022 5:00,329755,392535,129021,33945,48738,71722
705,3/11/2022 5:00,329908,392674,129152,34024,48720,71584
706,3/12/2022 5:00,330017,392896,129182,34037,48739,71561
707,3/13/2022 6:00,330081,393005,129197,34053,48747,71553
708,3/14/2022 6:00,330134,393078,129212,34062,48749,71547
709,3/15/2022 6:00,330155,393099,129223,34059,48746,71758
710,3/16/2022 6:00,330354,393409,129264,34086,48783,71476
711,3/17/2022 6:00,330464,393619,129304,34130,48808,71423
712,3/18/2022 6:00,330566,393883,129347,34157,48828,71397
713,3/19/2022 6:00,330655,394105,129387,34191,48842,71356
714,3/20/2022 6:00,330722,394203,129410,34210,48859,71336
715,3/21/2022 6:00,330774,394303,129426,34224,48863,71325
716,3/22/2022 6:00,330831,394426,129450,34238,48863,71289
717,3/23/2022 6:00,330902,394577,129466,34260,48862,71276
718,3/24/2022 6:00,330982,394816,129500,34281,48880,71246
719,3/25/2022 6:00,331096,395017,129535,34325,48892,71231
720,3/26/2022 6:00,331227,395241,129550,34350,48916,71213
721,3/27/2022 6:00,331301,395346,129574,34368,48922,71211
722,3/28/2022 6:00,331357,395465,129593,34384,48934,71201
723,3/29/2022 6:00,331423,395627,129618,34413,48937,71193
724,3/30/2022 6:00,331525,395780,129644,34439,48940,71170
725,3/31/2022 6:00,331671,396019,129672,34480,48966,71111
726,4/1/2022 6:00,331778,396225,129700,34518,48987,71149
727,4/2/2022 6:00,331929,396516,129743,34610,49022,71002
728,4/3/2022 6:00,332015,396674,129780,34637,49044,70939
729,4/4/2022 6:00,332102,396826,129796,34663,49064,70945
730,4/5/2022 6:00,332200,396955,129831,34689,49081,70940
731,4/6/2022 6:00,332347,397226,129867,34733,49127,70923
732,4/7/2022 6:00,332539,397556,129929,34794,49192,70704
733,4/8/2022 6:00,332618,397784,130159,34885,49339,70573
734,4/9/2022 6:00,332792,398137,130212,34941,49384,70563
735,4/10/2022 6:00,332940,398387,130244,34986,49413,70568
736,4/11/2022 6:00,333076,398571,130283,35029,49437,70575
737,4/12/2022 6:00,333214,398851,130317,35067,49458,70563
738,4/13/2022 6:00,333350,399080,130356,35102,49480,70558
739,4/14/2022 6:00,333570,399475,130422,35153,49528,70553
740,4/15/2022 6:00,333761,399865,130473,35199,49574,70615
741,4/16/2022 6:00,334030,400373,130560,35284,49601,70503
742,4/17/2022 6:00,334182,400733,130613,35349,49650,70492
743,4/18/2022 6:00,334319,400990,130641,35403,49682,70523
744,4/19/2022 6:00,334458,401238,130677,35443,49721,70688
745,4/20/2022 6:00,334667,401627,130737,35491,49773,70566
746,4/21/2022 6:00,334962,402110,130810,35592,49825,70606
747,4/22/2022 6:00,335290,402601,130878,35665,49868,70618
748,4/23/2022 6:00,335567,403087,130959,35754,49922,70636
749,4/24/2022 6:00,335856,403516,131028,35833,49972,70503
750,4/25/2022 6:00,336008,403714,131071,35864,49995,70536
751,4/26/2022 6:00,336220,404066,131117,35920,50036,70667
752,4/27/2022 6:00,336394,404406,131175,35972,50072,70733
753,4/28/2022 6:00,336832,405098,131275,36076,50142,70721
754,4/29/2022 6:00,337203,405785,131372,36211,50212,70750
755,4/30/2022 6:00,337568,406380,131448,36306,50281,70792
756,5/1/2022 6:00,337756,406614,131475,36329,50314,71015
757,5/2/2022 6:00,337896,406769,131496,36341,50331,71169
758,5/3/2022 6:00,338108,407121,131535,36379,50364,71501
759,5/4/2022 6:00,338657,408087,131682,36553,50471,70888
760,5/5/2022 6:00,339102,408788,131778,36688,50557,70950
761,5/6/2022 6:00,339663,409628,131929,36879,50701,70976
762,5/7/2022 6:00,340206,410474,132035,37043,50787,71076
763,5/8/2022 6:00,340570,411065,132126,37159,50876,71040
764,5/9/2022 6:00,340866,411481,132170,37215,50924,71439
765,5/10/2022 6:00,341215,412102,132243,37279,50990,71892
766,5/11/2022 6:00,341775,413234,132427,37492,51099,71234
767,5/12/2022 6:00,342469,414252,132589,37625,51226,71310
768,5/13/2022 6:00,343228,415361,132740,37820,51365,71424
769,5/14/2022 6:00,344025,416568,132926,37998,51506,71524
770,5/15/2022 6:00,344613,417426,133053,38141,51624,71561
771,5/16/2022 6:00,345024,418141,133154,38256,51706,71670
772,5/17/2022 6:00,345749,419179,133326,38400,51841,71748
773,5/18/2022 6:00,346318,420118,133499,38534,51965,71801
774,5/19/2022 6:00,347132,421391,133697,38722,52136,71927
775,5/20/2022 6:00,347965,422869,133899,38922,52315,72051
776,5/21/2022 6:00,348631,423864,134066,39080,52425,72139
777,5/22/2022 6:00,349159,424729,134218,39210,52548,72189
778,5/23/2022 6:00,349648,425411,134334,39327,52646,72291
779,5/24/2022 6:00,350507,426415,134531,39481,52796,72409
780,5/25/2022 6:00,351081,427369,134684,39638,52900,72450
781,5/26/2022 6:00,351899,428545,134882,39803,53054,72564
782,5/27/2022 6:00,352755,429751,135111,39969,53186,72652
783,5/28/2022 6:00,353506,430709,135275,40091,53291,72756
784,5/29/2022 6:00,354084,431503,135443,40227,53403,72800
785,5/30/2022 6:00,355008,432753,135665,40475,53617,73006
786,5/31/2022 6:00,355344,433227,135742,40564,53695,73096
787,6/1/2022 6:00,355951,433985,135881,40680,53775,73169
788,6/2/2022 6:00,355926,434055,135908,40676,53731,73118
789,6/3/2022 6:00,356707,435163,136101,40859,53889,73184
790,6/4/2022 6:00,357482,436055,136280,41031,53996,73427
791,6/5/2022 6:00,357997,436660,136397,41157,54072,73459
792,6/6/2022 6:00,358390,437111,136481,41244,54148,73525
793,6/7/2022 6:00,359079,437795,136648,41380,54245,73578
794,6/8/2022 6:00,359572,438354,136748,41485,54335,73590
795,6/9/2022 6:00,360189,439095,136901,41615,54417,73623
796,6/10/2022 6:00,360756,439784,137059,41751,54502,73539
797,6/11/2022 6:00,361370,440580,137210,41899,54598,73622
798,6/12/2022 6:00,361813,441036,137304,41977,54653,73639
799,6/13/2022 6:00,362143,441414,137374,42039,54708,73686
800,6/14/2022 6:00,362657,441938,137492,42116,54768,73734
801,6/15/2022 6:00,363015,442457,137579,42190,54840,73768
802,6/16/2022 6:00,363561,443142,137709,42296,54941,73833
803,6/17/2022 6:00,364169,443914,137843,42465,55086,73920
804,6/18/2022 6:00,364645,444492,137945,42567,55179,73957
805,6/19/2022 6:00,365028,444912,138039,42658,55213,73923
806,6/20/2022 6:00,365332,445241,138097,42716,55263,73978
807,6/21/2022 6:00,365537,445568,138149,42762,55300,74016
808,6/22/2022 6:00,366037,446131,138278,42841,55378,74127
809,6/23/2022 6:00,366570,446796,138408,42948,55463,74205
810,6/24/2022 6:00,367170,447456,138535,43051,55557,74319
811,6/25/2022 6:00,367785,448170,138715,43201,55648,74203
812,6/26/2022 6:00,368215,448682,138806,43290,55713,74248
813,6/27/2022 6:00,368567,449045,138879,43350,55762,74307
814,6/28/2022 6:00,369088,449716,138994,43435,55816,74322
815,6/29/2022 6:00,369525,450303,139117,43511,55897,74452
816,6/30/2022 6:00,370147,451038,139275,43641,55981,74439
817,7/1/2022 6:00,370757,451755,139442,43760,56088,74515
818,7/2/2022 6:00,371301,452402,139605,43879,56174,74548
819,7/3/2022 6:00,371748,452886,139702,43981,56235,74508
820,7/4/2022 6:00,372062,453287,139763,44065,56302,74726
821,7/5/2022 6:00,372318,453590,139835,44115,56342,74786
822,7/6/2022 6:00,372884,454207,139960,44232,56405,74678
823,7/7/2022 6:00,373335,454716,140063,44324,56454,74679
824,7/8/2022 6:00,374018,455457,140206,44463,56559,74741
825,7/9/2022 6:00,374727,456213,140362,44604,56654,74802
826,7/10/2022 6:00,375221,456696,140464,44739,56732,74832
827,7/11/2022 6:00,375574,457060,140549,44824,56790,74878
828,7/12/2022 6:00,376237,457767,140698,44934,56873,74914
829,7/13/2022 6:00,376834,458509,140851,45044,56960,75005
830,7/14/2022 6:00,377441,459267,141002,45181,57066,75022
831,7/15/2022 6:00,378167,459876,141201,45296,57216,75005
832,7/16/2022 6:00,378843,460565,141380,45421,57293,75083
833,7/17/2022 6:00,379357,461068,141461,45503,57370,75111
834,7/18/2022 6:00,379735,461434,141548,45613,57440,75172
835,7/19/2022 6:00,380159,461885,141666,45689,57511,75189
836,7/20/2022 6:00,380949,462675,141871,45801,57612,75227
837,7/21/2022 6:00,381708,463496,142062,45933,57700,75294
838,7/22/2022 6:00,382409,464136,142223,46030,57772,75352
839,7/23/2022 6:00,383124,464835,142386,46146,57875,75415
840,7/24/2022 6:00,383574,465227,142470,46203,57939,75426
841,7/25/2022 6:00,384004,465611,142566,46283,57997,75486
842,7/26/2022 6:00,384735,466354,142734,46379,58085,75567
843,7/27/2022 6:00,385363,466999,142888,46472,58166,75629
844,7/28/2022 6:00,385385,467019,142895,46473,58169,77551
845,7/29/2022 6:00,386823,468495,143233,46677,58391,75786
846,7/30/2022 6:00,387579,469119,143416,46782,58478,75835
847,7/31/2022 6:00,388098,469604,143524,46847,58537,75833
848,8/1/2022 6:00,388510,469996,143609,46906,58593,75888
849,8/2/2022 6:00,389216,470591,143782,47005,58676,75915
850,8/3/2022 6:00,389240,470600,143799,47004,58687,77387
851,8/4/2022 6:00,390521,471965,144119,47194,58861,76030
852,8/5/2022 6:00,391149,472577,144261,47277,58969,76177
853,8/6/2022 6:00,391812,473207,144435,47373,59027,76108
854,8/7/2022 6:00,392219,473639,144542,47430,59085,76126
855,8/8/2022 6:00,392574,474006,144627,47491,59118,76189
856,8/9/2022 6:00,393266,474679,144809,47575,59190,76216
857,8/10/2022 6:00,393904,475313,144978,47654,59267,76368
858,8/11/2022 6:00,394611,476042,145119,47739,59343,76546
859,8/12/2022 6:00,395340,476826,145306,47817,59418,76633
860,8/13/2022 6:00,395379,476856,145318,47821,59418,78088
861,8/14/2022 6:00,396338,477792,145561,47945,59532,76636
862,8/15/2022 6:00,396570,478030,145624,47992,59569,76688
863,8/16/2022 6:00,397093,478512,145779,48053,59631,76706
864,8/17/2022 6:00,397532,479070,145905,48116,59701,76690
865,8/18/2022 6:00,398164,479834,146084,48203,59777,76729
866,8/19/2022 6:00,398773,480448,146267,48328,59834,76667
867,8/20/2022 6:00,399265,480996,146400,48397,59889,76687
868,8/21/2022 6:00,399580,481345,146484,48468,59936,76691
869,8/22/2022 6:00,399829,481607,146563,48514,59964,76723
870,8/23/2022 6:00,400326,482206,146689,48570,60027,76767
871,8/24/2022 6:00,400705,482667,146820,48633,60088,76774
872,8/25/2022 6:00,401185,483217,146924,48690,60151,76889
873,8/26/2022 6:00,401643,483734,147054,48749,60228,76907
874,8/27/2022 6:00,402123,484296,147179,48815,60284,76905
875,8/28/2022 6:00,402409,484586,147250,48851,60330,76925
876,8/29/2022 6:00,402640,484833,147310,48905,60371,76956
877,8/30/2022 6:00,403076,485285,147452,48968,60419,76950
878,8/31/2022 6:00,403393,485720,147548,49029,60456,76965
879,9/1/2022 6:00,403837,486309,147728,49130,60528,76928
880,9/2/2022 6:00,404189,486779,147823,49200,60593,76952
881,9/3/2022 6:00,404576,487251,147985,49266,60645,76974
882,9/4/2022 6:00,404857,487496,148099,49313,60672,76873
883,9/5/2022 6:00,405030,487697,148155,49336,60711,76910
884,9/6/2022 6:00,405217,487934,148193,49367,60743,76948
885,9/7/2022 6:00,405657,488435,148311,49428,60809,76954
886,9/8/2022 6:00,405943,488840,148405,49482,60853,76961
887,9/9/2022 6:00,406404,489379,148531,49578,60931,77000
888,9/10/2022 6:00,406881,489848,148652,49660,60994,77053
889,9/11/2022 6:00,407119,490112,148716,49712,61031,77033
890,9/12/2022 6:00,407309,490318,148768,49748,61056,77061
891,9/13/2022 6:00,407689,490713,148899,49799,61117,77068
892,9/14/2022 6:00,408038,491137,149010,49853,61185,77076
893,9/15/2022 6:00,408429,491702,149139,49926,61242,77091
894,9/16/2022 6:00,408837,492240,149260,49994,61320,77084
895,9/17/2022 6:00,409196,492706,149416,50097,61293,77011
896,9/18/2022 6:00,409390,492980,149473,50134,61319,76989
897,9/19/2022 6:00,409551,493211,149522,50164,61350,77019
898,9/20/2022 6:00,409855,493598,149622,50206,61390,77031
899,9/21/2022 6:00,410181,493989,149750,50274,61428,77044
900,9/22/2022 6:00,410546,494433,149842,50322,61470,77143
901,9/23/2022 6:00,410938,494876,149955,50375,61543,77060
902,9/24/2022 6:00,411271,495328,150033,50426,61592,77082
903,9/25/2022 6:00,411281,495337,150035,50423,61597,77623
904,9/26/2022 6:00,411286,495337,150036,50424,61602,78018
905,9/27/2022 6:00,411297,495353,150044,50431,61595,78712
906,9/28/2022 6:00,412130,496487,150301,50567,61713,77123
907,9/29/2022 6:00,412470,496865,150372,50603,61760,77111
908,9/30/2022 6:00,412775,497249,150466,50665,61792,77085
909,10/1/2022 6:00,413077,497632,150543,50708,61825,77059
910,10/2/2022 6:00,413252,497913,150578,50738,61842,77044
911,10/3/2022 6:00,413359,498095,150604,50753,61857,77064
912,10/4/2022 6:00,413566,498396,150679,50785,61890,77042
913,10/5/2022 6:00,413814,498724,150734,50834,61916,77021
914,10/6/2022 6:00,414093,499152,150815,50878,61942,77000
915,10/7/2022 6:00,414381,499535,150874,50904,61969,77002
916,10/8/2022 6:00,414640,499874,150955,50941,61992,76982
917,10/9/2022 6:00,414777,500110,151005,50977,62004,76930
918,10/10/2022 6:00,414887,500272,151036,51000,62023,76944
919,10/11/2022 6:00,414993,500491,151069,51019,62044,76960
920,10/12/2022 6:00,415297,500862,151154,51051,62052,76942
921,10/13/2022 6:00,415513,501235,151204,51079,62097,76936
922,10/14/2022 6:00,415831,501571,151280,51172,62111,76848
923,10/15/2022 6:00,416090,501937,151362,51208,62146,76853
924,10/16/2022 6:00,416236,502129,151425,51239,62166,76827
925,10/17/2022 6:00,416354,502317,151456,51265,62178,76837
926,10/18/2022 6:00,416655,502649,151521,51332,62163,76825
927,10/19/2022 6:00,416908,502951,151585,51368,62189,76833
928,10/20/2022 6:00,416908,502951,151585,51368,62189,77590
929,10/21/2022 6:00,417412,503626,151755,51435,62259,76792
930,10/22/2022 6:00,417693,503902,151822,51475,62299,76764
931,10/23/2022 6:00,417843,504112,151864,51502,62317,76721
932,10/24/2022 6:00,417966,504273,151891,51522,62342,76737
933,10/25/2022 6:00,418221,504549,151960,51548,62362,76716
934,10/26/2022 6:00,418469,504803,152026,51579,62391,76707
935,10/27/2022 6:00,418789,505207,152115,51628,62427,76715
936,10/28/2022 6:00,419121,505547,152206,51678,62473,76715
937,10/29/2022 6:00,419420,505861,152279,51716,62508,76775
938,10/30/2022 6:00,419628,506063,152331,51734,62540,76711
939,10/31/2022 6:00,419749,506183,152355,51760,62559,76725
940,11/1/2022 6:00,420106,506502,152436,51789,62593,76717
941,11/2/2022 6:00,420364,506809,152499,51828,62626,76718
942,11/3/2022 6:00,420734,507169,152585,51865,62666,76721
943,11/4/2022 6:00,421076,507507,152670,51901,62707,76714
944,11/5/2022 6:00,421435,507837,152763,51958,62739,76715
945,11/6/2022 5:00,421641,508040,152818,51984,62756,76684
946,11/7/2022 5:00,421830,508192,152854,52013,62774,76711
947,11/8/2022 5:00,422165,508500,152945,52065,62814,76719
948,11/9/2022 5:00,422390,508720,153019,52095,62842,76689
949,11/10/2022 5:00,422701,509042,153123,52140,62859,76693
950,11/11/2022 5:00,423056,509335,153123,52195,62951,76642
951,11/12/2022 5:00,423266,509572,153172,52225,62981,76591
952,11/13/2022 5:00,423409,509729,153205,52245,62996,76607
953,11/14/2022 5:00,423503,509822,153229,52254,63018,76617
954,11/15/2022 5:00,423832,510088,153323,52289,63059,76618
955,11/16/2022 5:00,424125,510354,153385,52326,63078,76615
956,11/17/2022 5:00,424429,510661,153473,52366,63104,76597
957,11/18/2022 5:00,424736,510960,153547,52395,63142,76578
958,11/19/2022 5:00,425030,511257,153663,52448,63169,76541
959,11/20/2022 5:00,425052,511272,153673,52448,63153,76960
960,11/21/2022 5:00,425068,511276,153679,52453,63145,77240
961,11/22/2022 5:00,425627,511856,153814,52524,63209,76505
962,11/23/2022 5:00,425883,512126,153876,52562,63226,76503
963,11/24/2022 5:00,426152,512431,153941,52614,63258,76511
964,11/25/2022 5:00,426155,512431,153939,52614,63259,77004
965,11/26/2022 5:00,426157,512443,153940,52614,63248,77297
966,11/27/2022 5:00,426157,512447,153942,52616,63242,77656
967,11/28/2022 5:00,426154,512443,153954,52616,63238,78032
968,11/29/2022 5:00,427132,513408,154182,52755,63344,76694
969,11/30/2022 5:00,427406,513727,154252,52796,63377,76750
970,12/1/2022 5:00,427888,514196,154364,52858,63428,76872
971,12/2/2022 5:00,428328,514662,154491,52937,63483,76957
972,12/3/2022 5:00,428686,515020,154600,52972,63540,77036
973,12/4/2022 5:00,428916,515261,154659,53003,63568,77301
974,12/5/2022 5:00,429085,515418,154702,53030,63593,77343
975,12/6/2022 5:00,429517,515814,154837,53086,63639,77145
976,12/7/2022 5:00,429810,516100,154902,53119,63673,77312
977,12/8/2022 5:00,430180,516488,154995,53167,63727,77393
978,12/9/2022 5:00,430619,516932,155110,53258,63737,77436
979,12/10/2022 5:00,431081,517425,155230,53302,63793,77383
980,12/11/2022 5:00,431354,517706,155317,53346,63818,77343
981,12/12/2022 5:00,431547,517914,155355,53364,63837,77357
982,12/13/2022 5:00,432029,518336,155491,53420,63889,77346
983,12/14/2022 5:00,432640,518827,155587,53440,64045,77016
984,12/15/2022 5:00,433108,519341,155712,53503,64110,77000
985,12/16/2022 5:00,433508,519741,155855,53551,64179,76995
986,12/17/2022 5:00,434282,520528,156152,53714,64275,76249
987,12/18/2022 5:00,434617,520866,156237,53758,64330,76240
988,12/19/2022 5:00,434862,521121,156303,53784,64355,76262
989,12/20/2022 5:00,435134,521452,156391,53812,64413,76275
990,12/21/2022 5:00,435739,522060,156588,53873,64482,76350
991,12/22/2022 5:00,436097,522485,156699,53912,64530,76414
992,12/23/2022 5:00,436674,523105,156853,53984,64589,76193
993,12/24/2022 5:00,437039,523582,156950,54044,64635,76379
994,12/25/2022 5:00,437280,523863,157025,54082,64673,76404
995,12/26/2022 5:00,437476,524089,157071,54106,64700,76421
996,12/27/2022 5:00,437646,524279,157113,54139,64728,76434
997,12/28/2022 5:00,437898,524573,157184,54158,64755,76403
998,12/29/2022 5:00,438541,525268,157335,54248,64832,76438
999,12/30/2022 5:00,439148,525898,157494,54325,64896,76473
1000,12/31/2022 5:00,439601,526434,157646,54379,64946,76510
1001,1/1/2023 5:00,439949,526795,157738,54436,64968,76497
1002,1/2/2023 5:00,440152,527058,157779,54466,64990,76528
1003,1/3/2023 5:00,440309,527263,157819,54489,65014,76549
1004,1/4/2023 5:00,440906,527872,157999,54548,65074,76544
1005,1/5/2023 5:00,441370,528464,158138,54619,65143,76542
1006,1/6/2023 5:00,441912,529011,158292,54697,65221,76566
1007,1/7/2023 5:00,442453,529629,158368,54772,65361,76576
1008,1/8/2023 5:00,442769,529977,158450,54821,65402,76575
1009,1/9/2023 5:00,442978,530201,158510,54848,65437,76596
1010,1/10/2023 5:00,443470,530648,158658,54934,65494,76919
1011,1/11/2023 5:00,443799,530974,158798,54998,65557,76896
1012,1/12/2023 5:00,443799,530974,158798,54998,65557,77896
1013,1/13/2023 5:00,444550,531812,159068,55126,65637,76902
1014,1/14/2023 5:00,444953,532082,159117,55143,65804,76824
1015,1/15/2023 5:00,445202,532326,159168,55171,65815,76802
1016,1/16/2023 5:00,445315,532486,159208,55189,65838,76814
1017,1/17/2023 5:00,445468,532659,159248,55204,65862,76835
1018,1/18/2023 5:00,445861,533126,159392,55244,65904,76902
1019,1/19/2023 5:00,446202,533504,159498,55288,65950,76835
1020,1/20/2023 5:00,446606,533906,159622,55337,65983,76521
1021,1/21/2023 5:00,447045,534362,159738,55395,66038,76496
1022,1/22/2023 5:00,447254,534593,159826,55437,66068,76477
1023,1/23/2023 5:00,447429,534801,159882,55451,66093,76494
1024,1/24/2023 5:00,447789,535182,160015,55502,66138,76497
1025,1/25/2023 5:00,448138,535541,160181,55546,66181,76495
1026,1/26/2023 5:00,448529,535905,160321,55585,66225,76484
1027,1/27/2023 5:00,448893,536228,160419,55630,66258,76478
1028,1/28/2023 5:00,449136,536498,160481,55656,66285,76639
1029,1/29/2023 5:00,448946,536384,160431,55652,66274,77373
1030,1/30/2023 5:00,448944,536392,160436,55649,66274,77728
1031,1/31/2023 5:00,448959,536394,160444,55655,66268,78476
1032,2/1/2023 5:00,450056,537493,160761,55766,66384,76446
1033,2/2/2023 5:00,450056,537493,160761,55766,66384,77036
1034,2/3/2023 5:00,450355,537975,160779,55839,66479,76900
1035,2/4/2023 5:00,450873,538476,160931,55888,66541,76458
1036,2/5/2023 5:00,451072,538673,161004,55939,66563,76412
1037,2/6/2023 5:00,451170,538819,161041,55947,66578,76426
1038,2/7/2023 5:00,451469,539178,161118,55986,66612,76419
1039,2/8/2023 5:00,451711,539445,161191,56019,66638,76404
1040,2/9/2023 5:00,451999,539755,161345,56105,66626,76326
1041,2/10/2023 5:00,452258,540056,161441,56128,66666,76312
1042,2/11/2023 5:00,452543,540352,161511,56152,66694,76307
1043,2/12/2023 5:00,452734,540542,161587,56175,66713,76302
1044,2/13/2023 5:00,452835,540692,161612,56194,66725,76314
1045,2/14/2023 5:00,453085,541009,161712,56218,66760,76308
1046,2/15/2023 5:00,453291,541258,161753,56240,66774,76298
1047,2/16/2023 5:00,453535,541556,161830,56263,66794,76286
1048,2/17/2023 5:00,453758,541829,161893,56289,66821,76281
1049,2/18/2023 5:00,453977,542049,161946,56319,66833,76284
1050,2/19/2023 5:00,454133,542237,162003,56348,66849,76248
1051,2/20/2023 5:00,454236,542359,162041,56367,66860,76262
1052,2/21/2023 5:00,454338,542496,162068,56377,66875,76274
1053,2/22/2023 5:00,454599,542785,162154,56405,66905,76267
1054,2/23/2023 5:00,454758,542964,162192,56435,66937,76300
1055,2/24/2023 5:00,454955,543195,162264,56469,66960,76277
1056,2/25/2023 5:00,455208,543434,162347,56508,66982,76217
1057,2/26/2023 5:00,455336,543569,162385,56529,66991,76186
1058,2/27/2023 5:00,455420,543692,162414,56551,67005,76199
1059,2/28/2023 5:00,455603,543925,162456,56574,67028,76191
1060,3/1/2023 5:00,455763,544132,162503,56589,67042,76167
1061,3/2/2023 5:00,455937,544369,162563,56619,67050,76147
1062,3/3/2023 5:00,456088,544527,162626,56633,67058,76129
1063,3/4/2023 5:00,456313,544764,162690,56651,67069,76099
1064,3/5/2023 5:00,456404,544915,162710,56664,67083,76081
1065,3/6/2023 5:00,456479,545012,162740,56674,67096,76091
1066,3/7/2023 5:00,427912,522178,153430,54572,64051,142357
1067,3/8/2023 5:00,456770,545360,162836,56694,67139,76067
1068,3/9/2023 5:00,456960,545491,162939,56753,67153,76001
1069,3/10/2023 5:00,457114,545688,162986,56766,67168,75983
1070,3/11/2023 5:00,457259,545857,163033,56782,67184,75960
1071,3/12/2023 6:00,457371,545984,163073,56793,67206,75928
1072,3/13/2023 6:00,457450,546072,163089,56806,67219,75933
1073,3/14/2023 6:00,457583,546228,163137,56823,67235,75923
1074,3/15/2023 6:00,457726,546392,163177,56834,67263,75905
1075,3/16/2023 6:00,457826,546550,163217,56850,67273,75880
1076,3/17/2023 6:00,457939,546721,163238,56867,67292,75894
1077,3/18/2023 6:00,458045,546860,163272,56880,67302,75910
1078,3/19/2023 6:00,458101,546940,163299,56891,67312,75913
1079,3/20/2023 6:00,458157,547026,163314,56897,67316,75919
1080,3/21/2023 6:00,458259,547173,163337,56910,67331,75922
1081,3/22/2023 6:00,458365,547314,163362,56922,67344,75934
1082,3/23/2023 6:00,458487,547514,163391,56941,67367,75953
1083,3/24/2023 6:00,458630,547680,163428,56960,67385,75974
1084,3/25/2023 6:00,458735,547837,163464,56981,67403,75988
1085,3/26/2023 6:00,458813,547922,163481,56992,67413,75996
1086,3/27/2023 6:00,458879,548023,163506,57005,67419,76006
1087,3/28/2023 6:00,458974,548139,163532,57015,67434,76014
1088,3/29/2023 6:00,459038,548258,163558,57026,67446,76015
1089,3/30/2023 6:00,459152,548411,163578,57042,67456,76033
1090,3/31/2023 6:00,459250,548536,163604,57060,67460,76050
1091,4/1/2023 6:00,459346,548655,163635,57073,67466,76058
1092,4/2/2023 6:00,459404,548744,163651,57076,67476,76065
1093,4/3/2023 6:00,459455,548826,163671,57082,67484,76075
1094,4/4/2023 6:00,459542,548948,163695,57096,67502,76076
1095,4/5/2023 6:00,459616,549047,163713,57106,67514,76086
1096,4/6/2023 6:00,459675,549172,163729,57114,67523,76093
1097,4/7/2023 6:00,459709,549346,163780,57159,67509,76041
1098,4/8/2023 6:00,459787,549485,163745,57168,67511,76038
1099,4/9/2023 6:00,459825,549559,163773,57179,67518,76047
1100,4/10/2023 6:00,459867,549646,163783,57188,67534,76056
1101,4/11/2023 6:00,459939,549734,163797,57197,67551,76057
1102,4/12/2023 6:00,459988,549835,163810,57204,67555,76061
1103,4/13/2023 6:00,460050,549934,163827,57221,67563,76064
1104,4/14/2023 6:00,460090,550050,163838,57232,67576,76068
1105,4/15/2023 6:00,460137,550132,163849,57238,67589,76080
1106,4/16/2023 6:00,460184,550202,163871,57245,67598,76085
1107,4/17/2023 6:00,460220,550290,163880,57254,67602,76089
1108,4/18/2023 6:00,460284,550425,163899,57271,67609,76096
1109,4/19/2023 6:00,460350,550539,163911,57290,67617,76104
1110,4/20/2023 6:00,460400,550653,163926,57302,67629,76105
1111,4/21/2023 6:00,460422,550661,163985,57306,67755,76116
1112,4/22/2023 6:00,460488,550759,164006,57326,67770,76118
1113,4/23/2023 6:00,460526,550843,164016,57344,67773,76117
1114,4/24/2023 6:00,460555,550932,164029,57363,67783,76121
1115,4/25/2023 6:00,460606,551023,164046,57374,67793,76130
1116,4/26/2023 6:00,460651,551125,164061,57384,67800,76131
1117,4/27/2023 6:00,460707,551235,164083,57391,67807,76130
1118,4/28/2023 6:00,460748,551358,164095,57411,67820,76134
1119,4/29/2023 6:00,460798,551458,164106,57427,67831,76142
1120,4/30/2023 6:00,460798,551457,164111,57427,67831,76293
1121,5/1/2023 6:00,460801,551457,164108,57428,67831,76428
1122,5/2/2023 6:00,460890,551724,164146,57454,67857,76155
1123,5/3/2023 6:00,460926,551820,164171,57474,67871,76152
1124,5/4/2023 6:00,460963,551936,164186,57482,67875,76139
1125,5/5/2023 6:00,460999,552045,164199,57494,67885,76139
1126,5/6/2023 6:00,461038,552167,164211,57512,67902,76149
1127,5/7/2023 6:00,461042,552171,164205,57514,67901,76294
1128,5/8/2023 6:00,461040,552169,164208,57515,67902,76350
1129,5/9/2023 6:00,461135,552391,164234,57546,67917,76162
1130,5/10/2023 6:00,461183,552468,164245,57558,67925,76166
1131,5/11/2023 6:00,461223,552567,164259,57567,67940,76169
1132,5/12/2023 6:00,461334,552761,164283,57648,68012,75870
1133,5/13/2023 6:00,461402,552872,164304,57677,68031,75819
1134,5/14/2023 6:00,461411,552880,164307,57676,68030,75851
1135,5/15/2023 6:00,461409,552882,164315,57675,68036,75883
1136,5/16/2023 6:00,461519,553030,164350,57701,68052,75742
1137,5/17/2023 6:00,461568,553133,164372,57720,68063,75700
1138,5/18/2023 6:00,461637,553247,164394,57727,68077,75647
1139,5/19/2023 6:00,461721,553345,164410,57739,68077,75610
1140,5/20/2023 6:00,461796,553427,164430,57759,68073,75587
1141,5/21/2023 6:00,461806,553435,164430,57757,68074,75684
1142,5/22/2023 6:00,461811,553441,164432,57758,68074,75743
1143,5/23/2023 6:00,461811,553441,164432,57758,68074,75837
1144,5/24/2023 6:00,461951,553623,164472,57781,68081,75498
1145,5/25/2023 6:00,461985,553679,164488,57783,68092,75453
1146,5/26/2023 6:00,462033,553712,164489,57789,68095,75428
1147,5/27/2023 6:00,462041,553722,164497,57796,68097,75477
1148,5/28/2023 6:00,462045,553729,164503,57794,68095,75514
1149,5/29/2023 6:00,462091,553763,164508,57802,68096,75459
1150,5/30/2023 6:00,462087,553770,164517,57805,68093,75477
1151,5/31/2023 6:00,462160,553854,164538,57819,68103,75329
1152,6/1/2023 6:00,462219,553914,164546,57830,68099,75289
1153,6/2/2023 6:00,462260,553949,164558,57839,68099,75256
1154,6/3/2023 6:00,462295,553997,164575,57843,68104,75223
1155,6/4/2023 6:00,462298,554005,164581,57841,68106,75248
1156,6/5/2023 6:00,462301,554009,164584,57842,68107,75268
1157,6/6/2023 6:00,462352,554084,164610,57852,68106,75161
1158,6/7/2023 6:00,462371,554133,164619,57862,68108,75130
1159,6/8/2023 6:00,462512,554227,164652,57916,68140,74832
1160,6/9/2023 6:00,462548,554267,164663,57920,68144,74796
1161,6/10/2023 6:00,462569,554289,164670,57929,68155,74768
1162,6/11/2023 6:00,462624,554300,164678,57942,68161,74714
1163,6/12/2023 6:00,462630,554303,164679,57939,68162,74746
1164,6/13/2023 6:00,462705,554376,164698,57954,68168,74639
1165,6/14/2023 6:00,462725,554411,164728,57955,68174,74599
1166,6/15/2023 6:00,462760,554437,164742,57961,68183,74571
1167,6/16/2023 6:00,462786,554475,164766,57961,68183,74535
1168,6/17/2023 6:00,462814,554521,164770,57966,68187,74502
1169,6/18/2023 6:00,462814,554526,164778,57965,68187,74527
1170,6/19/2023 6:00,462816,554526,164782,57965,68188,74545
1171,6/20/2023 6:00,462821,554528,164803,57968,68188,74546
1172,6/21/2023 6:00,462888,554619,164824,57980,68199,74430
1173,6/22/2023 6:00,462938,554660,164843,57984,68200,74392
1174,6/23/2023 6:00,462971,554695,164856,57993,68194,74369
1175,6/24/2023 6:00,463016,554718,164869,57995,68190,74348
1176,6/25/2023 6:00,463022,554722,164874,57995,68185,74365
1177,6/26/2023 6:00,463028,554724,164874,57994,68184,74391
1178,6/27/2023 6:00,463062,554764,164907,58005,68191,74306
1179,6/28/2023 6:00,463112,554804,164922,58009,68195,74277
1180,6/29/2023 6:00,463138,554840,164942,58019,68197,74247
1181,6/30/2023 6:00,463178,554879,164962,58026,68198,74209
1182,7/1/2023 6:00,463214,554904,164979,58033,68201,74183
1183,7/2/2023 6:00,463210,554906,164987,58031,68200,74229
1184,7/3/2023 6:00,463211,554902,164993,58031,68202,74266
1185,7/4/2023 6:00,463298,554976,165019,58032,68214,74141
1186,7/5/2023 6:00,463298,554980,165030,58031,68212,74175
1187,7/6/2023 6:00,463364,555032,165065,58039,68215,74096
1188,7/7/2023 6:00,463381,555069,165088,58044,68214,74072
1189,7/8/2023 6:00,463425,555101,165109,58045,68224,74046
1190,7/9/2023 6:00,463432,555102,165111,58043,68222,74089
1191,7/10/2023 6:00,463432,555104,165117,58040,68222,74114
1192,7/11/2023 6:00,463517,555172,165137,58048,68231,74012
1193,7/12/2023 6:00,463564,555214,165143,58055,68237,73985
1194,7/13/2023 6:00,463597,555258,165163,58061,68235,73956
1195,7/14/2023 6:00,463721,555219,165140,58085,68272,73997
1196,7/15/2023 6:00,463799,555282,165170,58089,68292,73898
1197,7/16/2023 6:00,463801,555288,165177,58091,68292,73955
1198,7/17/2023 6:00,463809,555291,165180,58090,68289,73994
1199,7/18/2023 6:00,463957,555397,165226,58108,68308,73761
1200,7/19/2023 6:00,464025,555428,165242,58115,68313,73735
1201,7/20/2023 6:00,464081,555481,165262,58121,68320,73705
1202,7/21/2023 6:00,464142,555520,165276,58129,68327,73683
1203,7/22/2023 6:00,464199,555550,165299,58134,68329,73655
1204,7/23/2023 6:00,464204,555551,165304,58134,68333,73715
1205,7/24/2023 6:00,464206,555552,165311,58133,68336,73758
1206,7/25/2023 6:00,464338,555647,165361,58141,68354,73603
1207,7/26/2023 6:00,464411,555723,165387,58144,68354,73576
1208,7/27/2023 6:00,464476,555777,165421,58152,68356,73558
1209,7/28/2023 6:00,464523,555815,165448,58160,68359,73538
1210,7/29/2023 6:00,464600,555862,165475,58173,68358,73520
1211,7/30/2023 6:00,464611,555863,165481,58174,68356,73602
1212,7/31/2023 6:00,464611,555867,165484,58175,68355,73675
1213,8/1/2023 6:00,464749,555974,165522,58196,68369,73512
1214,8/2/2023 6:00,464847,556028,165557,58195,68369,73455
1215,8/3/2023 6:00,464924,556094,165584,58200,68375,73415
1216,8/4/2023 6:00,465015,556163,165607,58213,68380,73388
1217,8/5/2023 6:00,465075,556219,165622,58225,68384,73359
1218,8/6/2023 6:00,465083,556227,165623,58225,68385,73482
1219,8/7/2023 6:00,465086,556227,165627,58228,68383,73560
1220,8/8/2023 6:00,465086,556227,165627,58228,68383,73725
1221,8/9/2023 6:00,465323,556443,165723,58244,68420,73298
1222,8/10/2023 6:00,465441,556528,165758,58252,68415,73244
1223,8/11/2023 6:00,465576,556593,165763,58329,68442,73164
1224,8/12/2023 6:00,465680,556661,165792,58337,68450,73149
1225,8/13/2023 6:00,465684,556667,165795,58336,68451,73258
1226,8/14/2023 6:00,465682,556667,165815,58336,68451,73344
1227,8/15/2023 6:00,465682,556667,165815,58336,68451,73570
1228,8/16/2023 6:00,465999,556903,165905,58364,68492,73068
1229,8/17/2023 6:00,466116,556999,165935,58382,68505,73049
1230,8/18/2023 6:00,466226,557091,165965,58389,68510,73058
1231,8/19/2023 6:00,466340,557174,165985,58408,68521,73043
1232,8/20/2023 6:00,466343,557180,165985,58408,68518,73162
1233,8/21/2023 6:00,466343,557183,165987,58411,68520,73264
1234,8/22/2023 6:00,466575,557407,166036,58440,68546,73013
1235,8/23/2023 6:00,466681,557482,166052,58450,68559,73031
1236,8/24/2023 6:00,466835,557603,166080,58468,68580,73009
1237,8/25/2023 6:00,466985,557722,166133,58472,68588,72976
1238,8/26/2023 6:00,467076,557807,166156,58480,68598,72964
1239,8/27/2023 6:00,467081,557809,166160,58484,68595,73133
1240,8/28/2023 6:00,467091,557813,166191,58490,68593,73226
1241,8/29/2023 6:00,467409,558096,166277,58538,68644,72893
1242,8/30/2023 6:00,467527,558193,166315,58558,68658,72883
1243,8/31/2023 6:00,467723,558337,166357,58580,68667,72863
1244,9/1/2023 6:00,467873,558491,166411,58601,68686,72832
1245,9/2/2023 6:00,467998,558605,166462,58622,68704,72827
1246,9/3/2023 6:00,468003,558604,166468,58622,68702,73035
1247,9/4/2023 6:00,468003,558606,166473,58624,68704,73180
1248,9/5/2023 6:00,468004,558610,166473,58624,68703,73363
1249,9/6/2023 6:00,468459,558979,166591,58667,68755,72799
1250,9/7/2023 6:00,468662,559125,166656,58675,68775,72772
1251,9/8/2023 6:00,468849,559300,166723,58708,68790,72757
1252,9/9/2023 6:00,469082,559480,166791,58733,68811,72764
1253,9/10/2023 6:00,469092,559481,166798,58732,68809,73028
1254,9/11/2023 6:00,469092,559488,166799,58734,68807,73195
1255,9/12/2023 6:00,469479,559803,166914,58774,68863,72752
1256,9/13/2023 6:00,469624,559934,166961,58783,68872,72739
1257,9/14/2023 6:00,469839,560114,167019,58813,68906,72715
1258,9/15/2023 6:00,470031,560286,167044,58860,68970,72650
1259,9/16/2023 6:00,470175,560394,167081,58875,68983,72638
1260,9/17/2023 6:00,470181,560395,167080,58880,68984,72824
1261,9/18/2023 6:00,470184,560398,167081,58882,68982,72969
1262,9/19/2023 6:00,470184,560398,167081,58882,68982,73342
1263,9/20/2023 6:00,470584,560799,167215,58912,69029,72647
1264,9/21/2023 6:00,470732,560940,167280,58923,69047,72625
1265,9/22/2023 6:00,470907,561084,167327,58943,69065,72605
1266,9/23/2023 6:00,471036,561196,167355,58959,69080,72592
1267,9/24/2023 6:00,471038,561202,167357,58959,69077,72827
1268,9/25/2023 6:00,471045,561204,167364,58956,69075,72942
1269,9/26/2023 6:00,471353,561554,167444,58993,69121,72573
