OBJECTID,DATE,Male,Female,Unknown
1,3/12/2020 6:00,6,6,0
2,3/13/2020 6:00,9,6,0
3,3/14/2020 6:00,16,10,0
4,3/15/2020 6:00,0,0,0
5,3/16/2020 6:00,21,16,0
6,3/17/2020 6:00,0,0,0
7,3/18/2020 6:00,49,36,0
8,3/19/2020 6:00,59,48,0
9,3/20/2020 6:00,80,69,0
10,3/21/2020 6:00,84,106,0
11,3/22/2020 6:00,129,116,0
12,3/23/2020 6:00,149,140,0
13,3/24/2020 6:00,178,171,0
14,3/25/2020 6:00,212,211,0
15,3/26/2020 6:00,298,282,0
16,3/27/2020 6:00,392,382,0
17,3/28/2020 6:00,487,505,0
18,3/29/2020 6:00,605,634,0
19,3/30/2020 6:00,697,716,0
20,3/31/2020 6:00,804,856,0
21,4/1/2020 6:00,969,1016,0
22,4/2/2020 6:00,1137,1194,0
23,4/3/2020 6:00,1323,1435,0
24,4/4/2020 6:00,1485,1640,0
25,4/5/2020 6:00,1694,1915,0
26,4/6/2020 6:00,1890,2155,0
27,4/7/2020 6:00,2042,2329,0
28,4/8/2020 6:00,2574,2955,0
29,4/9/2020 6:00,2865,3320,0
30,4/10/2020 6:00,3215,3753,0
31,4/11/2020 6:00,3554,4140,0
32,4/12/2020 6:00,3787,4438,0
33,4/13/2020 6:00,4105,4831,0
34,4/14/2020 6:00,4340,5132,0
35,4/15/2020 6:00,4593,5439,0
36,4/16/2020 6:00,4967,5817,0
37,4/17/2020 6:00,5323,6249,0
38,4/18/2020 6:00,5656,6652,0
39,4/19/2020 6:00,5907,6923,0
40,4/20/2020 6:00,6310,7374,0
41,4/21/2020 6:00,6570,7623,0
42,4/22/2020 6:00,6821,7954,0
43,4/23/2020 6:00,7290,8447,0
44,4/24/2020 6:00,7742,8874,0
45,4/25/2020 6:00,8268,9498,0
46,4/26/2020 6:00,8618,9963,0
47,4/27/2020 6:00,9027,10460,0
48,4/28/2020 6:00,9363,10750,0
49,4/29/2020 6:00,9719,11130,0
50,4/30/2020 6:00,10147,11595,0
51,5/1/2020 6:00,10972,12500,0
52,5/2/2020 6:00,11468,13005,0
53,5/3/2020 6:00,11969,13493,0
54,5/4/2020 6:00,12472,13936,0
55,5/5/2020 6:00,12801,14316,0
56,5/6/2020 6:00,13315,14848,0
57,5/7/2020 6:00,13902,15472,0
58,5/8/2020 6:00,14447,16038,0
59,5/9/2020 6:00,14974,16560,0
60,5/10/2020 6:00,15486,17101,0
61,5/11/2020 6:00,15868,17505,0
62,5/12/2020 6:00,16209,17852,0
63,5/13/2020 6:00,16600,18212,0
64,5/14/2020 6:00,17123,18780,0
65,5/15/2020 6:00,17674,19312,0
66,5/16/2020 6:00,18168,19800,0
67,5/17/2020 6:00,18593,20211,0
68,5/18/2020 6:00,19056,20706,0
69,5/19/2020 6:00,19860,21686,0
70,5/20/2020 6:00,20225,22098,0
71,5/21/2020 6:00,20843,22688,0
72,5/22/2020 6:00,21283,23141,0
73,5/23/2020 6:00,21818,23677,0
74,5/24/2020 6:00,22238,24075,0
75,5/25/2020 6:00,22604,24548,0
76,5/26/2020 6:00,22871,24816,0
77,5/27/2020 6:00,23217,25206,0
78,5/28/2020 6:00,23860,25849,0
79,5/29/2020 6:00,24461,26527,0
80,5/30/2020 6:00,24924,27091,0
81,5/31/2020 6:00,25272,27506,0
82,6/1/2020 6:00,25522,27805,0
83,6/2/2020 6:00,25950,28225,0
84,6/3/2020 6:00,26328,28654,0
85,6/4/2020 6:00,26762,29096,0
86,6/5/2020 6:00,27197,29573,0
87,6/6/2020 6:00,27533,29949,0
88,6/7/2020 6:00,27758,30215,0
89,6/8/2020 6:00,27969,30435,0
90,6/9/2020 6:00,28237,30667,0
91,6/10/2020 6:00,28502,30963,0
92,6/11/2020 6:00,28875,31322,0
93,6/12/2020 6:00,29082,31531,0
94,6/13/2020 6:00,29435,31870,0
95,6/14/2020 6:00,29619,32082,0
96,6/15/2020 6:00,29791,32241,0
97,6/16/2020 6:00,29994,32415,0
98,6/17/2020 6:00,30254,32715,0
99,6/18/2020 6:00,30380,32849,0
100,6/19/2020 6:00,30531,33017,0
101,6/20/2020 6:00,30722,33234,0
102,6/21/2020 6:00,30888,33418,0
103,6/22/2020 6:00,31023,33580,0
104,6/23/2020 6:00,31238,33769,0
105,6/24/2020 6:00,31406,33931,0
106,6/25/2020 6:00,31635,34142,0
107,6/26/2020 6:00,31792,34323,0
108,6/27/2020 6:00,31965,34485,0
109,6/28/2020 6:00,32128,34649,0
110,6/29/2020 6:00,32385,34869,0
111,6/30/2020 6:00,32547,35012,0
112,7/1/2020 6:00,32711,35207,0
113,7/2/2020 6:00,32956,35467,0
114,7/3/2020 6:00,33223,35738,0
115,7/4/2020 6:00,33416,35925,0
116,7/5/2020 6:00,33555,36077,0
117,7/6/2020 6:00,33677,36227,0
118,7/7/2020 6:00,33893,36503,0
119,7/8/2020 6:00,34098,36763,0
120,7/9/2020 6:00,34370,37077,0
121,7/10/2020 6:00,34586,37324,0
122,7/11/2020 6:00,34830,37637,0
123,7/12/2020 6:00,35104,38005,0
124,7/13/2020 6:00,35296,38231,0
125,7/14/2020 6:00,35620,38640,0
126,7/15/2020 6:00,35936,39080,0
127,7/16/2020 6:00,36227,39437,0
128,7/17/2020 6:00,36546,39825,0
129,7/18/2020 6:00,36944,40262,0
130,7/19/2020 6:00,37367,40764,0
131,7/20/2020 6:00,37613,41072,0
132,7/21/2020 6:00,38024,41521,0
133,7/22/2020 6:00,38273,41899,0
134,7/23/2020 6:00,38595,42241,0
135,7/24/2020 6:00,39022,42744,0
136,7/25/2020 6:00,39615,43439,0
137,7/26/2020 6:00,39913,43835,0
138,7/27/2020 6:00,40389,44487,0
139,7/28/2020 6:00,40686,44838,0
140,7/29/2020 6:00,41035,45250,0
141,7/30/2020 6:00,41424,45753,0
142,7/31/2020 6:00,41937,46409,0
143,8/1/2020 6:00,42389,46976,0
144,8/2/2020 6:00,42810,47464,0
145,8/3/2020 6:00,43237,47907,0
146,8/4/2020 6:00,43557,48297,0
147,8/5/2020 6:00,43807,48619,0
148,8/6/2020 6:00,44074,48931,0
149,8/7/2020 6:00,44420,49386,0
150,8/8/2020 6:00,44748,49833,0
151,8/9/2020 6:00,45160,50343,0
152,8/10/2020 6:00,45519,50739,0
153,8/11/2020 6:00,45795,51048,0
154,8/12/2020 6:00,46047,51337,0
155,8/13/2020 6:00,46410,51750,0
156,8/14/2020 6:00,46756,52119,0
157,8/15/2020 6:00,47105,52588,0
158,8/16/2020 6:00,47338,52874,0
159,8/17/2020 6:00,47543,53172,0
160,8/18/2020 6:00,47783,53452,0
161,8/19/2020 6:00,47983,53666,0
162,8/20/2020 6:00,48253,53976,0
163,8/21/2020 6:00,48564,54335,0
164,8/22/2020 6:00,48837,54686,0
165,8/23/2020 6:00,49100,55002,0
166,8/24/2020 6:00,49383,55286,0
167,8/25/2020 6:00,49559,55487,0
168,8/26/2020 6:00,49756,55730,0
169,8/27/2020 6:00,50020,56043,0
170,8/28/2020 6:00,50296,56368,0
171,8/29/2020 6:00,50598,56696,0
172,8/30/2020 6:00,50812,56979,0
173,8/31/2020 6:00,51012,57237,0
174,9/1/2020 6:00,51284,57579,0
175,9/2/2020 6:00,51509,57810,0
176,9/3/2020 6:00,51827,58185,0
177,9/4/2020 6:00,52194,58637,0
178,9/5/2020 6:00,52550,59057,0
179,9/6/2020 6:00,52770,59349,0
180,9/7/2020 6:00,53127,59756,0
181,9/8/2020 6:00,53327,59912,0
182,9/9/2020 6:00,53485,60090,0
183,9/10/2020 6:00,53719,60359,0
184,9/11/2020 6:00,54036,60688,0
185,9/12/2020 6:00,54436,61097,0
186,9/13/2020 6:00,54725,61385,0
187,9/14/2020 6:00,54989,61657,0
188,9/15/2020 6:00,55280,61965,0
189,9/16/2020 6:00,55598,62290,0
190,9/17/2020 6:00,55863,62656,0
191,9/18/2020 6:00,56109,62953,0
192,9/19/2020 6:00,56442,63302,0
193,9/20/2020 6:00,56622,63534,0
194,9/21/2020 6:00,56833,63735,0
195,9/22/2020 6:00,57011,63901,0
196,9/23/2020 6:00,57197,64100,0
197,9/24/2020 6:00,57445,64355,0
198,9/25/2020 6:00,57702,64657,0
199,9/26/2020 6:00,58007,64965,0
200,9/27/2020 6:00,58211,65192,0
201,9/28/2020 6:00,58447,65433,0
202,9/29/2020 6:00,58649,65662,0
203,9/30/2020 6:00,58832,65893,0
204,10/1/2020 6:00,59281,66229,0
205,10/2/2020 6:00,59637,66585,0
206,10/3/2020 6:00,59915,66904,0
207,10/4/2020 6:00,60116,67174,0
208,10/5/2020 6:00,60370,67421,0
209,10/6/2020 6:00,60592,67612,0
210,10/7/2020 6:00,60821,67843,0
211,10/8/2020 6:00,61196,68229,0
212,10/9/2020 6:00,61537,68622,0
213,10/10/2020 6:00,61838,68957,0
214,10/11/2020 6:00,62085,69272,0
215,10/12/2020 6:00,62326,69535,0
216,10/13/2020 6:00,62570,69773,0
217,10/14/2020 6:00,62842,70076,0
218,10/15/2020 6:00,63141,70407,0
219,10/16/2020 6:00,63544,70785,0
220,10/17/2020 6:00,63941,71186,0
221,10/18/2020 6:00,64180,71477,0
222,10/19/2020 6:00,64394,71760,0
223,10/20/2020 6:00,64674,72070,0
224,10/21/2020 6:00,64909,72327,0
225,10/22/2020 6:00,65280,72699,0
226,10/23/2020 6:00,65630,73061,0
227,10/24/2020 6:00,66030,73457,0
228,10/25/2020 6:00,66397,73882,0
229,10/26/2020 6:00,66661,74183,0
230,10/27/2020 6:00,67125,74616,0
231,10/28/2020 6:00,67450,74975,0
232,10/29/2020 6:00,67904,75483,0
233,10/30/2020 6:00,68330,75984,0
234,10/31/2020 6:00,68804,76477,0
235,11/1/2020 5:00,69220,76925,0
236,11/2/2020 5:00,69605,77390,0
237,11/3/2020 5:00,69992,77774,0
238,11/4/2020 5:00,70476,78290,0
239,11/5/2020 5:00,71050,78914,0
240,11/6/2020 5:00,71826,79679,0
241,11/7/2020 5:00,72504,80411,0
242,11/8/2020 5:00,72986,81010,0
243,11/9/2020 5:00,73634,81737,0
244,11/10/2020 5:00,74286,82423,0
245,11/11/2020 5:00,75105,83318,0
246,11/12/2020 5:00,75772,84128,0
247,11/13/2020 5:00,76668,85101,0
248,11/14/2020 5:00,77791,86299,0
249,11/15/2020 5:00,78616,87314,0
250,11/16/2020 5:00,79410,88246,0
251,11/17/2020 5:00,80490,89315,0
252,11/18/2020 5:00,81447,90376,0
253,11/19/2020 5:00,82822,91911,0
254,11/20/2020 5:00,83908,93178,0
255,11/21/2020 5:00,85324,94647,0
256,11/22/2020 5:00,86296,95843,0
257,11/23/2020 5:00,87097,96700,0
258,11/24/2020 5:00,87907,97557,0
259,11/25/2020 5:00,89130,99031,0
260,11/26/2020 5:00,90189,100291,0
261,11/27/2020 5:00,91307,101551,0
262,11/28/2020 5:00,92083,102365,0
263,11/29/2020 5:00,93002,103445,0
264,11/30/2020 5:00,93913,104457,0
265,12/1/2020 5:00,95311,105824,0
266,12/2/2020 5:00,96412,106943,0
267,12/3/2020 5:00,97303,108096,0
268,12/4/2020 5:00,99111,110080,0
269,12/5/2020 5:00,100635,111749,0
270,12/6/2020 5:00,101905,113122,0
271,12/7/2020 5:00,102981,114348,0
272,12/8/2020 5:00,104321,115640,0
273,12/9/2020 5:00,105559,117094,0
274,12/10/2020 5:00,107037,118818,0
275,12/11/2020 5:00,108279,120192,0
276,12/12/2020 5:00,109890,122119,0
277,12/13/2020 5:00,111090,123557,0
278,12/14/2020 5:00,112202,124759,0
279,12/15/2020 5:00,113386,125976,0
280,12/16/2020 5:00,114578,127189,0
281,12/17/2020 5:00,115659,128325,0
282,12/18/2020 5:00,116889,129664,0
283,12/19/2020 5:00,117960,130794,0
284,12/20/2020 5:00,118938,131870,0
285,12/21/2020 5:00,119967,133106,0
286,12/22/2020 5:00,121173,134224,0
287,12/23/2020 5:00,122374,135488,0
288,12/24/2020 5:00,123758,136970,0
289,12/25/2020 5:00,124920,138240,0
290,12/26/2020 5:00,126041,139399,0
291,12/27/2020 5:00,126895,140303,0
292,12/28/2020 5:00,127836,141347,0
293,12/29/2020 5:00,128817,142244,0
294,12/30/2020 5:00,130066,143623,0
295,12/31/2020 5:00,131483,145179,0
296,1/1/2021 5:00,133150,147069,0
297,1/2/2021 5:00,134525,148646,0
298,1/3/2021 5:00,135540,149779,0
299,1/4/2021 5:00,136749,151053,0
300,1/5/2021 5:00,137745,152013,0
301,1/6/2021 5:00,139233,153671,0
302,1/7/2021 5:00,140648,155226,0
303,1/8/2021 5:00,142416,157190,0
304,1/9/2021 5:00,144230,159134,0
305,1/10/2021 5:00,145776,160898,0
306,1/11/2021 5:00,147179,162507,0
307,1/12/2021 5:00,148550,163801,0
308,1/13/2021 5:00,149727,165140,0
309,1/14/2021 5:00,151139,166676,0
310,1/15/2021 5:00,152473,168266,0
311,1/16/2021 5:00,153983,170048,0
312,1/17/2021 5:00,155158,171287,0
313,1/18/2021 5:00,156016,172198,0
314,1/19/2021 5:00,157018,173168,0
315,1/20/2021 5:00,158068,174285,0
316,1/21/2021 5:00,159067,175452,0
317,1/22/2021 5:00,160193,176722,0
318,1/23/2021 5:00,161342,177965,0
319,1/24/2021 5:00,162331,179121,0
320,1/25/2021 5:00,163163,179975,0
321,1/26/2021 5:00,163883,180737,0
322,1/27/2021 5:00,164841,181718,0
323,1/28/2021 5:00,165867,182882,0
324,1/29/2021 5:00,166757,183872,0
325,1/30/2021 5:00,167714,185012,0
326,1/31/2021 5:00,168491,185982,0
327,2/1/2021 5:00,169037,186599,0
328,2/2/2021 5:00,169510,187031,0
329,2/3/2021 5:00,169942,187541,0
330,2/4/2021 5:00,170726,188311,0
331,2/5/2021 5:00,171473,189111,0
332,2/6/2021 5:00,172201,189883,0
333,2/7/2021 5:00,172943,190707,0
334,2/8/2021 5:00,173384,191169,0
335,2/9/2021 5:00,173863,191666,0
336,2/10/2021 5:00,174460,192206,0
337,2/11/2021 5:00,175025,192840,0
338,2/12/2021 5:00,175578,193399,0
339,2/13/2021 5:00,176196,193940,0
340,2/14/2021 5:00,176601,194382,0
341,2/15/2021 5:00,176954,194751,0
342,2/16/2021 5:00,177208,195013,0
343,2/17/2021 5:00,177580,195400,0
344,2/18/2021 5:00,178082,195884,0
345,2/19/2021 5:00,178558,196416,0
346,2/20/2021 5:00,178949,196788,0
347,2/21/2021 5:00,179237,197118,0
348,2/22/2021 5:00,179525,197441,0
349,2/23/2021 5:00,179883,197745,0
350,2/24/2021 5:00,180323,198167,0
351,2/25/2021 5:00,180832,198634,0
352,2/26/2021 5:00,181355,199081,0
353,2/27/2021 5:00,181781,199491,0
354,2/28/2021 5:00,182190,199909,0
355,3/1/2021 5:00,182476,200226,0
356,3/2/2021 5:00,182715,200455,0
357,3/3/2021 5:00,183113,200843,0
358,3/4/2021 5:00,183510,201255,0
359,3/5/2021 5:00,183947,201731,0
360,3/6/2021 5:00,184408,202202,0
361,3/7/2021 5:00,184730,202589,0
362,3/8/2021 5:00,185046,202989,0
363,3/9/2021 5:00,185390,203276,0
364,3/10/2021 5:00,185849,203717,0
365,3/11/2021 5:00,186331,204159,0
366,3/12/2021 5:00,186813,204667,0
367,3/13/2021 5:00,187342,205239,0
368,3/14/2021 6:00,187761,205680,0
369,3/15/2021 6:00,188083,205975,0
370,3/16/2021 6:00,188420,206296,0
371,3/17/2021 6:00,188876,206757,0
372,3/18/2021 6:00,189440,207306,0
373,3/19/2021 6:00,190026,207872,0
374,3/20/2021 6:00,190579,208437,0
375,3/21/2021 6:00,191056,208967,0
376,3/22/2021 6:00,191379,209326,0
377,3/23/2021 6:00,191742,209685,0
378,3/24/2021 6:00,192295,210305,0
379,3/25/2021 6:00,192938,211044,0
380,3/26/2021 6:00,193571,211772,0
381,3/27/2021 6:00,194228,212481,0
382,3/28/2021 6:00,194891,213153,0
383,3/29/2021 6:00,195401,213674,0
384,3/30/2021 6:00,195861,214117,0
385,3/31/2021 6:00,196515,214829,0
386,4/1/2021 6:00,197235,215693,0
387,4/2/2021 6:00,197947,216438,0
388,4/3/2021 6:00,198548,217112,0
389,4/4/2021 6:00,199347,217982,0
390,4/5/2021 6:00,199727,218461,0
391,4/6/2021 6:00,200150,218905,0
392,4/7/2021 6:00,200843,219683,0
393,4/8/2021 6:00,201474,220349,0
394,4/9/2021 6:00,202359,221304,0
395,4/10/2021 6:00,203104,222143,0
396,4/11/2021 6:00,203825,222905,0
397,4/12/2021 6:00,204287,223428,0
398,4/13/2021 6:00,204781,224018,0
399,4/14/2021 6:00,205510,224841,0
400,4/15/2021 6:00,206173,225622,0
401,4/16/2021 6:00,206908,226451,0
402,4/17/2021 6:00,207626,227233,0
403,4/18/2021 6:00,208206,227822,0
404,4/19/2021 6:00,208466,228193,0
405,4/20/2021 6:00,208929,228655,0
406,4/21/2021 6:00,209486,229303,0
407,4/22/2021 6:00,210049,229943,0
408,4/23/2021 6:00,210606,230549,0
409,4/24/2021 6:00,211150,231201,0
410,4/25/2021 6:00,211569,231688,0
411,4/26/2021 6:00,211838,231976,0
412,4/27/2021 6:00,212156,232335,0
413,4/28/2021 6:00,212631,232862,0
414,4/29/2021 6:00,213071,233388,0
415,4/30/2021 6:00,213518,233883,0
416,5/1/2021 6:00,213980,234360,0
417,5/2/2021 6:00,214277,234712,0
418,5/3/2021 6:00,214507,235002,0
419,5/4/2021 6:00,214762,235248,0
420,5/5/2021 6:00,215096,235593,0
421,5/6/2021 6:00,215361,235906,0
422,5/7/2021 6:00,215685,236350,0
423,5/8/2021 6:00,216000,236691,0
424,5/9/2021 6:00,216201,236924,0
425,5/10/2021 6:00,216317,237084,0
426,5/11/2021 6:00,216513,237287,0
427,5/12/2021 6:00,216744,237527,0
428,5/13/2021 6:00,216973,237772,0
429,5/14/2021 6:00,217210,238047,0
430,5/15/2021 6:00,217385,238250,0
431,5/16/2021 6:00,217545,238459,0
432,5/17/2021 6:00,217635,238581,0
433,5/18/2021 6:00,217730,238698,0
434,5/19/2021 6:00,217877,238888,0
435,5/20/2021 6:00,218030,239054,0
436,5/21/2021 6:00,218225,239302,0
437,5/22/2021 6:00,218449,239599,0
438,5/23/2021 6:00,218571,239721,0
439,5/24/2021 6:00,218674,239846,0
440,5/25/2021 6:00,218747,239933,0
441,5/26/2021 6:00,218837,240041,0
442,5/27/2021 6:00,218926,240169,0
443,5/28/2021 6:00,219045,240298,0
444,5/29/2021 6:00,219137,240391,0
445,5/30/2021 6:00,219266,240511,0
446,5/31/2021 6:00,219316,240578,0
447,6/1/2021 6:00,219356,240639,0
448,6/2/2021 6:00,219384,240676,0
449,6/3/2021 6:00,219465,240729,0
450,6/4/2021 6:00,219529,240810,0
451,6/5/2021 6:00,219597,240874,0
452,6/6/2021 6:00,219652,240923,0
453,6/7/2021 6:00,219690,240969,0
454,6/8/2021 6:00,219726,241011,0
455,6/9/2021 6:00,219783,241080,0
456,6/10/2021 6:00,219832,241152,0
457,6/11/2021 6:00,219884,241213,0
458,6/12/2021 6:00,219924,241259,0
459,6/13/2021 6:00,219959,241306,0
460,6/14/2021 6:00,219992,241333,0
461,6/15/2021 6:00,220023,241369,0
462,6/16/2021 6:00,220063,241407,0
463,6/17/2021 6:00,220103,241446,0
464,6/18/2021 6:00,220141,241494,0
465,6/19/2021 6:00,220168,241529,0
466,6/20/2021 6:00,220187,241552,0
467,6/21/2021 6:00,220207,241572,0
468,6/22/2021 6:00,220225,241603,0
469,6/23/2021 6:00,220255,241632,0
470,6/24/2021 6:00,220288,241665,0
471,6/25/2021 6:00,220323,241694,0
472,6/26/2021 6:00,220356,241722,0
473,6/27/2021 6:00,220388,241756,0
474,6/28/2021 6:00,220406,241775,0
475,6/29/2021 6:00,220426,241791,0
476,6/30/2021 6:00,220457,241822,0
477,7/1/2021 6:00,220492,241862,0
478,7/2/2021 6:00,220540,241899,0
479,7/3/2021 6:00,220576,241959,0
480,7/4/2021 6:00,220603,241993,0
481,7/5/2021 6:00,220627,242007,0
482,7/6/2021 6:00,220651,242030,0
483,7/7/2021 6:00,220687,242049,0
484,7/8/2021 6:00,220731,242104,0
485,7/9/2021 6:00,220799,242181,0
486,7/10/2021 6:00,220863,242244,0
487,7/11/2021 6:00,220902,242284,0
488,7/12/2021 6:00,220942,242323,0
489,7/13/2021 6:00,220994,242389,0
490,7/14/2021 6:00,221054,242433,0
491,7/15/2021 6:00,221137,242528,0
492,7/16/2021 6:00,221215,242633,0
493,7/17/2021 6:00,221311,242720,0
494,7/18/2021 6:00,221379,242818,0
495,7/19/2021 6:00,221456,242880,0
496,7/20/2021 6:00,221545,242946,0
497,7/21/2021 6:00,221651,243084,0
498,7/22/2021 6:00,221794,243244,0
499,7/23/2021 6:00,221936,243390,0
500,7/24/2021 6:00,222086,243557,0
501,7/25/2021 6:00,222239,243710,0
502,7/26/2021 6:00,222370,243835,0
503,7/27/2021 6:00,222501,244013,0
504,7/28/2021 6:00,222706,244224,0
505,7/29/2021 6:00,222947,244488,0
506,7/30/2021 6:00,223188,244773,0
507,7/31/2021 6:00,223470,245078,0
508,8/1/2021 6:00,223721,245374,0
509,8/2/2021 6:00,223922,245620,0
510,8/3/2021 6:00,224083,245827,0
511,8/4/2021 6:00,224405,246200,0
512,8/5/2021 6:00,224729,246605,0
513,8/6/2021 6:00,225144,247080,0
514,8/7/2021 6:00,225586,247530,0
515,8/8/2021 6:00,225974,247995,0
516,8/9/2021 6:00,226260,248295,0
517,8/10/2021 6:00,226559,248625,0
518,8/11/2021 6:00,226976,249094,0
519,8/12/2021 6:00,227467,249650,0
520,8/13/2021 6:00,227912,250155,0
521,8/14/2021 6:00,228364,250719,0
522,8/15/2021 6:00,228751,251201,0
523,8/16/2021 6:00,229092,251626,0
524,8/17/2021 6:00,229472,252097,0
525,8/18/2021 6:00,229933,252648,0
526,8/19/2021 6:00,230420,253221,0
527,8/20/2021 6:00,230979,253868,0
528,8/21/2021 6:00,231489,254489,0
529,8/22/2021 6:00,231939,255029,0
530,8/23/2021 6:00,232388,255505,0
531,8/24/2021 6:00,232777,255963,0
532,8/25/2021 6:00,233324,256606,0
533,8/26/2021 6:00,233913,257261,0
534,8/27/2021 6:00,234553,257994,0
535,8/28/2021 6:00,235211,258704,0
536,8/29/2021 6:00,235692,259290,0
537,8/30/2021 6:00,236152,259772,0
538,8/31/2021 6:00,236661,260341,0
539,9/1/2021 6:00,237332,261044,0
540,9/2/2021 6:00,237948,261700,0
541,9/3/2021 6:00,238560,262475,0
542,9/4/2021 6:00,239142,263087,0
543,9/5/2021 6:00,239509,263525,0
544,9/6/2021 6:00,239970,264091,0
545,9/7/2021 6:00,240347,264509,0
546,9/8/2021 6:00,240683,264874,0
547,9/9/2021 6:00,241110,265354,0
548,9/10/2021 6:00,241897,266120,0
549,9/11/2021 6:00,242532,266861,0
550,9/12/2021 6:00,243064,267479,0
551,9/13/2021 6:00,243590,268056,0
552,9/14/2021 6:00,244137,268603,0
553,9/15/2021 6:00,244719,269210,0
554,9/16/2021 6:00,245341,269918,0
555,9/17/2021 6:00,246040,270744,0
556,9/18/2021 6:00,246653,271408,0
557,9/19/2021 6:00,247134,271963,0
558,9/20/2021 6:00,247650,272586,0
559,9/21/2021 6:00,248095,273115,0
560,9/22/2021 6:00,248635,273720,0
561,9/23/2021 6:00,249305,274455,0
562,9/24/2021 6:00,249984,275139,0
563,9/25/2021 6:00,250773,275917,0
564,9/26/2021 6:00,251307,276497,0
565,9/27/2021 6:00,251768,276996,0
566,9/28/2021 6:00,252224,277512,0
567,9/29/2021 6:00,252768,278093,0
568,9/30/2021 6:00,253496,278844,0
569,10/1/2021 6:00,254237,279633,0
570,10/2/2021 6:00,254897,280260,0
571,10/3/2021 6:00,255447,280802,0
572,10/4/2021 6:00,255998,281329,0
573,10/5/2021 6:00,256318,281658,0
574,10/6/2021 6:00,256838,282215,0
575,10/7/2021 6:00,257502,282949,0
576,10/8/2021 6:00,258074,283553,0
577,10/9/2021 6:00,258661,284225,0
578,10/10/2021 6:00,259263,284956,0
579,10/11/2021 6:00,259650,285378,0
580,10/12/2021 6:00,259855,285584,0
581,10/13/2021 6:00,260361,286191,0
582,10/14/2021 6:00,260868,286807,0
583,10/15/2021 6:00,261368,287375,0
584,10/16/2021 6:00,261823,287856,0
585,10/17/2021 6:00,262255,288295,0
586,10/18/2021 6:00,262606,288658,0
587,10/19/2021 6:00,262849,288958,0
588,10/20/2021 6:00,263174,289350,0
589,10/21/2021 6:00,263705,289888,0
590,10/22/2021 6:00,264106,290350,0
591,10/23/2021 6:00,264546,290820,0
592,10/24/2021 6:00,264888,291195,0
593,10/25/2021 6:00,265143,291452,0
594,10/26/2021 6:00,265417,291775,0
595,10/27/2021 6:00,265788,292135,0
596,10/28/2021 6:00,266240,292612,0
597,10/29/2021 6:00,266656,293107,0
598,10/30/2021 6:00,267077,293557,0
599,10/31/2021 6:00,267391,293879,0
600,11/1/2021 6:00,267603,294115,0
601,11/2/2021 6:00,267842,294358,0
602,11/3/2021 6:00,268176,294720,0
603,11/4/2021 6:00,268566,295130,0
604,11/5/2021 6:00,268971,295593,0
605,11/6/2021 6:00,269329,296026,0
606,11/7/2021 5:00,269683,296399,0
607,11/8/2021 5:00,269914,296723,0
608,11/9/2021 5:00,270120,296965,0
609,11/10/2021 5:00,270524,297405,0
610,11/11/2021 5:00,270977,297937,0
611,11/12/2021 5:00,271430,298393,0
612,11/13/2021 5:00,271871,298935,0
613,11/14/2021 5:00,272237,299388,0
614,11/15/2021 5:00,272577,299765,0
615,11/16/2021 5:00,272895,300149,0
616,11/17/2021 5:00,273286,300549,0
617,11/18/2021 5:00,273798,301116,0
618,11/19/2021 5:00,274341,301655,0
619,11/20/2021 5:00,274806,302207,0
620,11/21/2021 5:00,275288,302731,0
621,11/22/2021 5:00,275694,303157,0
622,11/23/2021 5:00,276062,303529,0
623,11/24/2021 5:00,276497,303999,0
624,11/25/2021 5:00,277044,304567,0
625,11/26/2021 5:00,277546,305062,0
626,11/27/2021 5:00,277864,305435,0
627,11/28/2021 5:00,278259,305878,0
628,11/29/2021 5:00,278618,306281,0
629,11/30/2021 5:00,279237,306906,0
630,12/1/2021 5:00,279728,307557,0
631,12/2/2021 5:00,280562,308551,0
632,12/3/2021 5:00,281361,309452,0
633,12/4/2021 5:00,282236,310443,0
634,12/5/2021 5:00,282747,310929,0
635,12/6/2021 5:00,283205,311450,0
636,12/7/2021 5:00,283761,312083,0
637,12/8/2021 5:00,284312,312739,0
638,12/9/2021 5:00,285016,313555,0
639,12/10/2021 5:00,285877,314439,0
640,12/11/2021 5:00,286451,315105,0
641,12/12/2021 5:00,287107,315810,0
642,12/13/2021 5:00,287804,316563,0
643,12/14/2021 5:00,288566,317517,0
644,12/15/2021 5:00,289571,318703,0
645,12/16/2021 5:00,291039,320380,0
646,12/17/2021 5:00,292618,322334,0
647,12/18/2021 5:00,294144,324159,0
648,12/19/2021 5:00,295328,325447,0
649,12/20/2021 5:00,295879,326080,0
650,12/21/2021 5:00,298758,329639,0
651,12/22/2021 5:00,300743,332273,0
652,12/23/2021 5:00,303991,336544,0
653,12/24/2021 5:00,308557,342608,0
654,12/25/2021 5:00,312797,348296,0
655,12/26/2021 5:00,315606,351681,0
656,12/27/2021 5:00,318065,355006,0
657,12/28/2021 5:00,321205,359146,0
658,12/29/2021 5:00,326431,365830,0
659,12/30/2021 5:00,333094,374613,0
660,12/31/2021 5:00,338720,382094,0
661,1/1/2022 5:00,345140,390583,0
662,1/2/2022 5:00,350085,396920,0
663,1/3/2022 5:00,356639,405285,0
664,1/4/2022 5:00,363202,413969,0
665,1/5/2022 5:00,368125,420259,0
666,1/6/2022 5:00,374209,427893,0
667,1/7/2022 5:00,379884,435007,0
668,1/8/2022 5:00,385836,442820,0
669,1/9/2022 5:00,393934,452594,0
670,1/10/2022 5:00,398508,458172,0
671,1/11/2022 5:00,403179,463814,0
672,1/12/2022 5:00,408351,470328,0
673,1/13/2022 5:00,413363,476543,0
674,1/14/2022 5:00,418185,482210,0
675,1/15/2022 5:00,423020,487733,0
676,1/16/2022 5:00,426839,492128,0
677,1/17/2022 5:00,429903,495852,0
678,1/18/2022 5:00,431478,497709,0
679,1/19/2022 5:00,433552,499988,0
680,1/20/2022 5:00,437732,505040,0
681,1/21/2022 5:00,440008,507776,0
682,1/22/2022 5:00,442287,510565,0
683,1/23/2022 5:00,443990,512648,0
684,1/24/2022 5:00,445311,514115,0
685,1/25/2022 5:00,446498,515503,0
686,1/26/2022 5:00,447941,517160,0
687,1/27/2022 5:00,449533,519007,0
688,1/28/2022 5:00,451037,520676,0
689,1/29/2022 5:00,452236,522004,0
690,1/30/2022 5:00,453156,523089,0
691,1/31/2022 5:00,453660,523710,0
692,2/1/2022 5:00,454386,524566,0
693,2/2/2022 5:00,455064,525362,0
694,2/3/2022 5:00,456113,526485,0
695,2/4/2022 5:00,456906,527385,0
696,2/5/2022 5:00,457720,528262,0
697,2/6/2022 5:00,458285,528862,0
698,2/7/2022 5:00,458670,529272,0
699,2/8/2022 5:00,459044,529694,0
700,2/9/2022 5:00,459417,530115,0
701,2/10/2022 5:00,459956,530675,0
702,2/11/2022 5:00,460396,531173,0
703,2/12/2022 5:00,460856,531654,0
704,2/13/2022 5:00,461181,532047,0
705,2/14/2022 5:00,461362,532291,0
706,2/15/2022 5:00,461548,532548,0
707,2/16/2022 5:00,461755,532822,0
708,2/17/2022 5:00,462119,533209,0
709,2/18/2022 5:00,462505,533677,0
710,2/19/2022 5:00,462914,534127,0
711,2/20/2022 5:00,463405,534731,0
712,2/21/2022 5:00,463566,534939,0
713,2/22/2022 5:00,463745,535143,0
714,2/23/2022 5:00,463894,535335,0
715,2/24/2022 5:00,464174,535716,0
716,2/25/2022 5:00,464515,536047,0
717,2/26/2022 5:00,464968,536541,0
718,2/27/2022 5:00,465131,536759,0
719,2/28/2022 5:00,465329,536950,0
720,3/1/2022 5:00,465482,537152,0
721,3/2/2022 5:00,465665,537374,0
722,3/3/2022 5:00,465871,537639,0
723,3/4/2022 5:00,466062,537846,0
724,3/5/2022 5:00,466246,538044,0
725,3/6/2022 5:00,466354,538185,0
726,3/7/2022 5:00,466472,538290,0
727,3/8/2022 5:00,466618,538438,0
728,3/9/2022 5:00,466751,538582,0
729,3/10/2022 5:00,466921,538795,0
730,3/11/2022 5:00,467077,538985,0
731,3/12/2022 5:00,467234,539198,0
732,3/13/2022 6:00,467331,539305,0
733,3/14/2022 6:00,467399,539383,0
734,3/15/2022 6:00,467509,539531,0
735,3/16/2022 6:00,467654,539718,0
736,3/17/2022 6:00,467811,539937,0
737,3/18/2022 6:00,468010,540168,0
738,3/19/2022 6:00,468171,540365,0
739,3/20/2022 6:00,468278,540462,0
740,3/21/2022 6:00,468353,540562,0
741,3/22/2022 6:00,468429,540668,0
742,3/23/2022 6:00,468524,540819,0
743,3/24/2022 6:00,468673,541032,0
744,3/25/2022 6:00,468835,541261,0
745,3/26/2022 6:00,469029,541468,0
746,3/27/2022 6:00,469130,541592,0
747,3/28/2022 6:00,469219,541715,0
748,3/29/2022 6:00,469330,541881,0
749,3/30/2022 6:00,469462,542036,0
750,3/31/2022 6:00,469643,542276,0
751,4/1/2022 6:00,469860,542497,0
752,4/2/2022 6:00,470066,542756,0
753,4/3/2022 6:00,470182,542907,0
754,4/4/2022 6:00,470334,543062,0
755,4/5/2022 6:00,470476,543220,0
756,4/6/2022 6:00,470719,543504,0
757,4/7/2022 6:00,470941,543773,0
758,4/8/2022 6:00,471238,544120,0
759,4/9/2022 6:00,471563,544466,0
760,4/10/2022 6:00,471787,544751,0
761,4/11/2022 6:00,471973,544998,0
762,4/12/2022 6:00,472224,545246,0
763,4/13/2022 6:00,472429,545497,0
764,4/14/2022 6:00,472786,545915,0
765,4/15/2022 6:00,473163,546324,0
766,4/16/2022 6:00,473538,546813,0
767,4/17/2022 6:00,473829,547190,0
768,4/18/2022 6:00,474053,547505,0
769,4/19/2022 6:00,474362,547863,0
770,4/20/2022 6:00,474650,548211,0
771,4/21/2022 6:00,475091,548814,0
772,4/22/2022 6:00,475499,549421,0
773,4/23/2022 6:00,475948,549977,0
774,4/24/2022 6:00,476270,550438,0
775,4/25/2022 6:00,476484,550704,0
776,4/26/2022 6:00,476856,551170,0
777,4/27/2022 6:00,477185,551567,0
778,4/28/2022 6:00,477799,552345,0
779,4/29/2022 6:00,478408,553125,0
780,4/30/2022 6:00,478963,553812,0
781,5/1/2022 6:00,479294,554209,0
782,5/2/2022 6:00,479516,554486,0
783,5/3/2022 6:00,479997,555011,0
784,5/4/2022 6:00,480615,555723,0
785,5/5/2022 6:00,481278,556585,0
786,5/6/2022 6:00,482100,557676,0
787,5/7/2022 6:00,482860,558761,0
788,5/8/2022 6:00,483361,559475,0
789,5/9/2022 6:00,483879,560216,0
790,5/10/2022 6:00,484619,561102,0
791,5/11/2022 6:00,485272,561989,0
792,5/12/2022 6:00,486224,563247,0
793,5/13/2022 6:00,487243,564695,0
794,5/14/2022 6:00,488367,566180,0
795,5/15/2022 6:00,489162,567256,0
796,5/16/2022 6:00,489824,568127,0
797,5/17/2022 6:00,490817,569426,0
798,5/18/2022 6:00,491718,570517,0
799,5/19/2022 6:00,492907,572098,0
800,5/20/2022 6:00,494163,573858,0
801,5/21/2022 6:00,495134,575071,0
802,5/22/2022 6:00,495960,576093,0
803,5/23/2022 6:00,496679,576978,0
804,5/24/2022 6:00,497728,578411,0
805,5/25/2022 6:00,498621,579501,0
806,5/26/2022 6:00,499780,580967,0
807,5/27/2022 6:00,500906,582518,0
808,5/28/2022 6:00,501868,583760,0
809,5/29/2022 6:00,502678,584782,0
810,5/30/2022 6:00,503377,585615,0
811,5/31/2022 6:00,503876,586260,0
812,6/1/2022 6:00,504646,587263,0
813,6/2/2022 6:00,505296,588118,0
814,6/3/2022 6:00,506409,589494,0
815,6/4/2022 6:00,507465,590806,0
816,6/5/2022 6:00,508096,591646,0
817,6/6/2022 6:00,508608,592291,0
818,6/7/2022 6:00,509404,593321,0
819,6/8/2022 6:00,510033,594051,0
820,6/9/2022 6:00,510813,595027,0
821,6/10/2022 6:00,511469,595922,0
822,6/11/2022 6:00,512308,596971,0
823,6/12/2022 6:00,512804,597618,0
824,6/13/2022 6:00,513224,598140,0
825,6/14/2022 6:00,513805,598900,0
826,6/15/2022 6:00,514295,599554,0
827,6/16/2022 6:00,515002,600480,0
828,6/17/2022 6:00,515851,601546,0
829,6/18/2022 6:00,516457,602328,0
830,6/19/2022 6:00,516905,602868,0
831,6/20/2022 6:00,517267,603360,0
832,6/21/2022 6:00,517558,603774,0
833,6/22/2022 6:00,518173,604619,0
834,6/23/2022 6:00,518879,605511,0
835,6/24/2022 6:00,519592,606496,0
836,6/25/2022 6:00,520301,607421,0
837,6/26/2022 6:00,520854,608100,0
838,6/27/2022 6:00,521270,608640,0
839,6/28/2022 6:00,521918,609453,0
840,6/29/2022 6:00,522553,610252,0
841,6/30/2022 6:00,523359,611162,0
842,7/1/2022 6:00,524131,612186,0
843,7/2/2022 6:00,524844,613065,0
844,7/3/2022 6:00,525326,613734,0
845,7/4/2022 6:00,525810,614395,0
846,7/5/2022 6:00,526179,614807,0
847,7/6/2022 6:00,526766,615600,0
848,7/7/2022 6:00,527293,616278,0
849,7/8/2022 6:00,528114,617330,0
850,7/9/2022 6:00,528955,618407,0
851,7/10/2022 6:00,529522,619162,0
852,7/11/2022 6:00,529971,619704,0
853,7/12/2022 6:00,530756,620667,0
854,7/13/2022 6:00,531523,621680,0
855,7/14/2022 6:00,532289,622690,0
856,7/15/2022 6:00,533043,623718,0
857,7/16/2022 6:00,533830,624755,0
858,7/17/2022 6:00,534357,625513,0
859,7/18/2022 6:00,534820,626122,0
860,7/19/2022 6:00,535358,626741,0
861,7/20/2022 6:00,536230,627905,0
862,7/21/2022 6:00,537108,629085,0
863,7/22/2022 6:00,537816,630106,0
864,7/23/2022 6:00,538614,631167,0
865,7/24/2022 6:00,539076,631763,0
866,7/25/2022 6:00,539558,632389,0
867,7/26/2022 6:00,540438,633416,0
868,7/27/2022 6:00,541201,634316,0
869,7/28/2022 6:00,542083,635409,0
870,7/29/2022 6:00,542963,636442,0
871,7/30/2022 6:00,543712,637497,0
872,7/31/2022 6:00,544268,638175,0
873,8/1/2022 6:00,544722,638780,0
874,8/2/2022 6:00,545434,639751,0
875,8/3/2022 6:00,546176,640541,0
876,8/4/2022 6:00,547058,641632,0
877,8/5/2022 6:00,547807,642603,0
878,8/6/2022 6:00,548528,643434,0
879,8/7/2022 6:00,549048,643993,0
880,8/8/2022 6:00,549471,644534,0
881,8/9/2022 6:00,550258,645477,0
882,8/10/2022 6:00,551104,646380,0
883,8/11/2022 6:00,552022,647378,0
884,8/12/2022 6:00,552908,648432,0
885,8/13/2022 6:00,553559,649321,0
886,8/14/2022 6:00,553958,649846,0
887,8/15/2022 6:00,554264,650209,0
888,8/16/2022 6:00,554846,650928,0
889,8/17/2022 6:00,555400,651614,0
890,8/18/2022 6:00,556187,652604,0
891,8/19/2022 6:00,556844,653473,0
892,8/20/2022 6:00,557411,654223,0
893,8/21/2022 6:00,557812,654692,0
894,8/22/2022 6:00,558115,655085,0
895,8/23/2022 6:00,558704,655881,0
896,8/24/2022 6:00,559189,656498,0
897,8/25/2022 6:00,559780,657276,0
898,8/26/2022 6:00,560327,657988,0
899,8/27/2022 6:00,560873,658729,0
900,8/28/2022 6:00,561210,659141,0
901,8/29/2022 6:00,561490,659525,0
902,8/30/2022 6:00,561996,660154,0
903,8/31/2022 6:00,562422,660689,0
904,9/1/2022 6:00,563009,661451,0
905,9/2/2022 6:00,563452,662084,0
906,9/3/2022 6:00,563950,662747,0
907,9/4/2022 6:00,564216,663094,0
908,9/5/2022 6:00,564458,663381,0
909,9/6/2022 6:00,564718,663684,0
910,9/7/2022 6:00,565225,664369,0
911,9/8/2022 6:00,565623,664861,0
912,9/9/2022 6:00,566203,665620,0
913,9/10/2022 6:00,566774,666314,0
914,9/11/2022 6:00,567065,666658,0
915,9/12/2022 6:00,567312,666948,0
916,9/13/2022 6:00,567730,667555,0
917,9/14/2022 6:00,568156,668143,0
918,9/15/2022 6:00,568716,668813,0
919,9/16/2022 6:00,569217,669518,0
920,9/17/2022 6:00,569662,670057,0
921,9/18/2022 6:00,569908,670377,0
922,9/19/2022 6:00,570139,670678,0
923,9/20/2022 6:00,570497,671205,0
924,9/21/2022 6:00,570946,671720,0
925,9/22/2022 6:00,571427,672329,0
926,9/23/2022 6:00,571854,672893,0
927,9/24/2022 6:00,572296,673436,0
928,9/25/2022 6:00,572541,673755,0
929,9/26/2022 6:00,572709,673994,0
930,9/27/2022 6:00,573010,674422,0
931,9/28/2022 6:00,573390,674931,0
932,9/29/2022 6:00,573753,675428,0
933,9/30/2022 6:00,574119,675913,0
934,10/1/2022 6:00,574481,676363,0
935,10/2/2022 6:00,574713,676654,0
936,10/3/2022 6:00,574876,676856,0
937,10/4/2022 6:00,575153,677205,0
938,10/5/2022 6:00,575453,677590,0
939,10/6/2022 6:00,575842,678038,0
940,10/7/2022 6:00,576178,678487,0
941,10/8/2022 6:00,576499,678885,0
942,10/9/2022 6:00,576673,679130,0
943,10/10/2022 6:00,576830,679332,0
944,10/11/2022 6:00,577008,679568,0
945,10/12/2022 6:00,577339,680019,0
946,10/13/2022 6:00,577649,680415,0
947,10/14/2022 6:00,577986,680827,0
948,10/15/2022 6:00,578321,681275,0
949,10/16/2022 6:00,578522,681500,0
950,10/17/2022 6:00,578702,681705,0
951,10/18/2022 6:00,579017,682128,0
952,10/19/2022 6:00,579315,682519,0
953,10/20/2022 6:00,579658,682933,0
954,10/21/2022 6:00,579945,683334,0
955,10/22/2022 6:00,580215,683740,0
956,10/23/2022 6:00,580394,683965,0
957,10/24/2022 6:00,580552,684179,0
958,10/25/2022 6:00,580793,684563,0
959,10/26/2022 6:00,581046,684929,0
960,10/27/2022 6:00,581436,685445,0
961,10/28/2022 6:00,581781,685959,0
962,10/29/2022 6:00,582110,686449,0
963,10/30/2022 6:00,582298,686709,0
964,10/31/2022 6:00,582452,686879,0
965,11/1/2022 6:00,582827,687316,0
966,11/2/2022 6:00,583124,687720,0
967,11/3/2022 6:00,583511,688229,0
968,11/4/2022 6:00,583890,688685,0
969,11/5/2022 6:00,584263,689184,0
970,11/6/2022 5:00,584467,689456,0
971,11/7/2022 5:00,584655,689719,0
972,11/8/2022 5:00,585006,690202,0
973,11/9/2022 5:00,585251,690504,0
974,11/10/2022 5:00,585611,690947,0
975,11/11/2022 5:00,585914,691388,0
976,11/12/2022 5:00,586141,691666,0
977,11/13/2022 5:00,586311,691880,0
978,11/14/2022 5:00,586406,692037,0
979,11/15/2022 5:00,586703,692506,0
980,11/16/2022 5:00,586997,692886,0
981,11/17/2022 5:00,587290,693340,0
982,11/18/2022 5:00,587613,693745,0
983,11/19/2022 5:00,587916,694192,0
984,11/20/2022 5:00,588108,694450,0
985,11/21/2022 5:00,588247,694614,0
986,11/22/2022 5:00,588538,694997,0
987,11/23/2022 5:00,588814,695362,0
988,11/24/2022 5:00,589109,695798,0
989,11/25/2022 5:00,589338,696064,0
990,11/26/2022 5:00,589468,696231,0
991,11/27/2022 5:00,589615,696445,0
992,11/28/2022 5:00,589781,696656,0
993,11/29/2022 5:00,590231,697284,0
994,11/30/2022 5:00,590573,697735,0
995,12/1/2022 5:00,591126,698480,0
996,12/2/2022 5:00,591663,699195,0
997,12/3/2022 5:00,592090,699764,0
998,12/4/2022 5:00,592461,700247,0
999,12/5/2022 5:00,592651,700520,0
1000,12/6/2022 5:00,592998,701040,0
1001,12/7/2022 5:00,593388,701528,0
1002,12/8/2022 5:00,593811,702139,0
1003,12/9/2022 5:00,594305,702787,0
1004,12/10/2022 5:00,594753,703461,0
1005,12/11/2022 5:00,595019,703865,0
1006,12/12/2022 5:00,595229,704145,0
1007,12/13/2022 5:00,595685,704826,0
1008,12/14/2022 5:00,596157,705398,0
1009,12/15/2022 5:00,596661,706113,0
1010,12/16/2022 5:00,597113,706716,0
1011,12/17/2022 5:00,597722,707478,0
1012,12/18/2022 5:00,598094,707954,0
1013,12/19/2022 5:00,598334,708353,0
1014,12/20/2022 5:00,598670,708807,0
1015,12/21/2022 5:00,599367,709725,0
1016,12/22/2022 5:00,599825,710312,0
1017,12/23/2022 5:00,600365,711033,0
1018,12/24/2022 5:00,600867,711762,0
1019,12/25/2022 5:00,601145,712182,0
1020,12/26/2022 5:00,601373,712490,0
1021,12/27/2022 5:00,601579,712760,0
1022,12/28/2022 5:00,601894,713077,0
1023,12/29/2022 5:00,602600,714062,0
1024,12/30/2022 5:00,603251,714983,0
1025,12/31/2022 5:00,603775,715741,0
1026,1/1/2023 5:00,604159,716224,0
1027,1/2/2023 5:00,604414,716559,0
1028,1/3/2023 5:00,604622,716821,0
1029,1/4/2023 5:00,605240,717703,0
1030,1/5/2023 5:00,605814,718462,0
1031,1/6/2023 5:00,606414,719285,0
1032,1/7/2023 5:00,606961,720198,0
1033,1/8/2023 5:00,607366,720628,0
1034,1/9/2023 5:00,607587,720983,0
1035,1/10/2023 5:00,608210,721913,0
1036,1/11/2023 5:00,608519,722503,0
1037,1/12/2023 5:00,608964,723058,0
1038,1/13/2023 5:00,609479,723616,0
1039,1/14/2023 5:00,609850,724073,0
1040,1/15/2023 5:00,610047,724437,0
1041,1/16/2023 5:00,610166,724684,0
1042,1/17/2023 5:00,610401,724875,0
1043,1/18/2023 5:00,610948,725481,0
1044,1/19/2023 5:00,611306,725971,0
1045,1/20/2023 5:00,611586,726389,0
1046,1/21/2023 5:00,611971,727103,0
1047,1/22/2023 5:00,612184,727471,0
1048,1/23/2023 5:00,612396,727754,0
1049,1/24/2023 5:00,612873,728250,0
1050,1/25/2023 5:00,613367,728715,0
1051,1/26/2023 5:00,613827,729222,0
1052,1/27/2023 5:00,614149,729757,0
1053,1/28/2023 5:00,614439,730256,0
1054,1/29/2023 5:00,614606,730454,0
1055,1/30/2023 5:00,614766,730657,0
1056,1/31/2023 5:00,615052,731144,0
1057,2/1/2023 5:00,615296,731610,0
1058,2/2/2023 5:00,615523,731973,0
1059,2/3/2023 5:00,615818,732509,0
1060,2/4/2023 5:00,616216,732951,0
1061,2/5/2023 5:00,616494,733169,0
1062,2/6/2023 5:00,616690,733291,0
1063,2/7/2023 5:00,617098,733684,0
1064,2/8/2023 5:00,617390,734018,0
1065,2/9/2023 5:00,617652,734504,0
1066,2/10/2023 5:00,617884,734977,0
1067,2/11/2023 5:00,618147,735412,0
1068,2/12/2023 5:00,618321,735732,0
1069,2/13/2023 5:00,618410,735962,0
1070,2/14/2023 5:00,618802,736290,0
1071,2/15/2023 5:00,619056,736558,0
1072,2/16/2023 5:00,619398,736866,0
1073,2/17/2023 5:00,619687,737184,0
1074,2/18/2023 5:00,619906,737502,0
1075,2/19/2023 5:00,620034,737784,0
1076,2/20/2023 5:00,620121,738004,0
1077,2/21/2023 5:00,620311,738117,0
1078,2/22/2023 5:00,620673,738442,0
1079,2/23/2023 5:00,620836,738750,0
1080,2/24/2023 5:00,621024,739096,0
1081,2/25/2023 5:00,621314,739382,0
1082,2/26/2023 5:00,621446,739550,0
1083,2/27/2023 5:00,621527,739754,0
1084,2/28/2023 5:00,621786,739991,0
1085,3/1/2023 5:00,621955,740241,0
1086,3/2/2023 5:00,622097,740588,0
1087,3/3/2023 5:00,622197,740864,0
1088,3/4/2023 5:00,622365,741221,0
1089,3/5/2023 5:00,622548,741309,0
1090,3/6/2023 5:00,622707,741385,0
1091,3/7/2023 5:00,622924,741576,0
1092,3/8/2023 5:00,623039,741827,0
1093,3/9/2023 5:00,623174,742123,0
1094,3/10/2023 5:00,623298,742407,0
1095,3/11/2023 5:00,623505,742570,0
1096,3/12/2023 6:00,623679,742676,0
1097,3/13/2023 6:00,623787,742782,0
1098,3/14/2023 6:00,623895,743034,0
1099,3/15/2023 6:00,624004,743293,0
1100,3/16/2023 6:00,624154,743442,0
1101,3/17/2023 6:00,624354,743597,0
1102,3/18/2023 6:00,624477,743792,0
1103,3/19/2023 6:00,624513,743943,0
1104,3/20/2023 6:00,624587,744042,0
1105,3/21/2023 6:00,624769,744163,0
1106,3/22/2023 6:00,624885,744356,0
1107,3/23/2023 6:00,625009,744644,0
1108,3/24/2023 6:00,625153,744904,0
1109,3/25/2023 6:00,625347,745061,0
1110,3/26/2023 6:00,625453,745164,0
1111,3/27/2023 6:00,625530,745308,0
1112,3/28/2023 6:00,625646,745462,0
1113,3/29/2023 6:00,625762,745579,0
1114,3/30/2023 6:00,625880,745792,0
1115,3/31/2023 6:00,626011,745949,0
1116,4/1/2023 6:00,626066,746167,0
1117,4/2/2023 6:00,626189,746227,0
1118,4/3/2023 6:00,626289,746304,0
1119,4/4/2023 6:00,626404,746455,0
1120,4/5/2023 6:00,626500,746582,0
1121,4/6/2023 6:00,626597,746709,0
1122,4/7/2023 6:00,626697,746847,0
1123,4/8/2023 6:00,626754,746980,0
1124,4/9/2023 6:00,626835,747066,0
1125,4/10/2023 6:00,626917,747157,0
1126,4/11/2023 6:00,626999,747276,0
1127,4/12/2023 6:00,627075,747378,0
1128,4/13/2023 6:00,627159,747500,0
1129,4/14/2023 6:00,627240,747614,0
1130,4/15/2023 6:00,627301,747724,0
1131,4/16/2023 6:00,627376,747809,0
1132,4/17/2023 6:00,627447,747888,0
1133,4/18/2023 6:00,627542,748042,0
1134,4/19/2023 6:00,627639,748172,0
1135,4/20/2023 6:00,627723,748292,0
1136,4/21/2023 6:00,627835,748410,0
1137,4/22/2023 6:00,627927,748540,0
1138,4/23/2023 6:00,628000,748619,0
1139,4/24/2023 6:00,628060,748723,0
1140,4/25/2023 6:00,628147,748825,0
1141,4/26/2023 6:00,628224,748928,0
1142,4/27/2023 6:00,628325,749028,0
1143,4/28/2023 6:00,628427,749139,0
1144,4/29/2023 6:00,628508,749254,0
1145,4/30/2023 6:00,628580,749337,0
1146,5/1/2023 6:00,628641,749412,0
1147,5/2/2023 6:00,628717,749509,0
1148,5/3/2023 6:00,628801,749613,0
1149,5/4/2023 6:00,628883,749698,0
1150,5/5/2023 6:00,628957,749804,0
1151,5/6/2023 6:00,629055,749924,0
1152,5/7/2023 6:00,629120,750007,0
1153,5/8/2023 6:00,629137,750047,0
1154,5/9/2023 6:00,629221,750164,0
1155,5/10/2023 6:00,629283,750262,0
1156,5/11/2023 6:00,629353,750372,0
1157,5/12/2023 6:00,629430,750478,0
1158,5/13/2023 6:00,629519,750586,0
1159,5/14/2023 6:00,629537,750618,0
1160,5/15/2023 6:00,629553,750647,0
1161,5/16/2023 6:00,629646,750748,0
1162,5/17/2023 6:00,629720,750836,0
1163,5/18/2023 6:00,629786,750943,0
1164,5/19/2023 6:00,629855,751047,0
1165,5/20/2023 6:00,629917,751155,0
1166,5/21/2023 6:00,629956,751230,0
1167,5/22/2023 6:00,629982,751277,0
1168,5/23/2023 6:00,630024,751329,0
1169,5/24/2023 6:00,630048,751358,0
1170,5/25/2023 6:00,630086,751394,0
1171,5/26/2023 6:00,630111,751435,0
1172,5/27/2023 6:00,630150,751480,0
1173,5/28/2023 6:00,630167,751513,0
1174,5/29/2023 6:00,630185,751534,0
1175,5/30/2023 6:00,630197,751552,0
1176,5/31/2023 6:00,630218,751585,0
1177,6/1/2023 6:00,630254,751643,0
1178,6/2/2023 6:00,630274,751687,0
1179,6/3/2023 6:00,630302,751735,0
1180,6/4/2023 6:00,630312,751767,0
1181,6/5/2023 6:00,630329,751782,0
1182,6/6/2023 6:00,630346,751819,0
1183,6/7/2023 6:00,630373,751850,0
1184,6/8/2023 6:00,630399,751880,0
1185,6/9/2023 6:00,630422,751916,0
1186,6/10/2023 6:00,630433,751947,0
1187,6/11/2023 6:00,630445,751974,0
1188,6/12/2023 6:00,630459,752000,0
1189,6/13/2023 6:00,630482,752058,0
1190,6/14/2023 6:00,630502,752090,0
1191,6/15/2023 6:00,630528,752126,0
1192,6/16/2023 6:00,630545,752161,0
1193,6/17/2023 6:00,630565,752195,0
1194,6/18/2023 6:00,630584,752213,0
1195,6/19/2023 6:00,630600,752222,0
1196,6/20/2023 6:00,630613,752241,0
1197,6/21/2023 6:00,630652,752288,0
1198,6/22/2023 6:00,630688,752329,0
1199,6/23/2023 6:00,630715,752363,0
1200,6/24/2023 6:00,630732,752404,0
1201,6/25/2023 6:00,630746,752417,0
1202,6/26/2023 6:00,630762,752433,0
1203,6/27/2023 6:00,630782,752453,0
1204,6/28/2023 6:00,630817,752502,0
1205,6/29/2023 6:00,630843,752540,0
1206,6/30/2023 6:00,630870,752582,0
1207,7/1/2023 6:00,630898,752616,0
1208,7/2/2023 6:00,630924,752639,0
1209,7/3/2023 6:00,630943,752662,0
1210,7/4/2023 6:00,630973,752707,0
1211,7/5/2023 6:00,630990,752736,0
1212,7/6/2023 6:00,631026,752785,0
1213,7/7/2023 6:00,631044,752824,0
1214,7/8/2023 6:00,631081,752869,0
1215,7/9/2023 6:00,631106,752893,0
1216,7/10/2023 6:00,631119,752910,0
1217,7/11/2023 6:00,631146,752971,0
1218,7/12/2023 6:00,631183,753015,0
1219,7/13/2023 6:00,631218,753052,0
1220,7/14/2023 6:00,631282,753152,0
1221,7/15/2023 6:00,631330,753200,0
1222,7/16/2023 6:00,631360,753244,0
1223,7/17/2023 6:00,631378,753275,0
1224,7/18/2023 6:00,631423,753334,0
1225,7/19/2023 6:00,631472,753386,0
1226,7/20/2023 6:00,631519,753451,0
1227,7/21/2023 6:00,631573,753504,0
1228,7/22/2023 6:00,631611,753555,0
1229,7/23/2023 6:00,631637,753604,0
1230,7/24/2023 6:00,631659,753637,0
1231,7/25/2023 6:00,631721,753723,0
1232,7/26/2023 6:00,631776,753819,0
1233,7/27/2023 6:00,631842,753898,0
1234,7/28/2023 6:00,631882,753961,0
1235,7/29/2023 6:00,631939,754049,0
1236,7/30/2023 6:00,631989,754098,0
1237,7/31/2023 6:00,632021,754146,0
1238,8/1/2023 6:00,632082,754240,0
1239,8/2/2023 6:00,632138,754313,0
1240,8/3/2023 6:00,632198,754394,0
1241,8/4/2023 6:00,632266,754500,0
1242,8/5/2023 6:00,632317,754567,0
1243,8/6/2023 6:00,632365,754660,0
1244,8/7/2023 6:00,632405,754706,0
1245,8/8/2023 6:00,632468,754808,0
1246,8/9/2023 6:00,632534,754917,0
1247,8/10/2023 6:00,632615,755023,0
1248,8/11/2023 6:00,632696,755171,0
1249,8/12/2023 6:00,632771,755298,0
1250,8/13/2023 6:00,632823,755368,0
1251,8/14/2023 6:00,632860,755435,0
1252,8/15/2023 6:00,632948,755573,0
1253,8/16/2023 6:00,633037,755694,0
1254,8/17/2023 6:00,633134,755852,0
1255,8/18/2023 6:00,633237,756002,0
1256,8/19/2023 6:00,633325,756146,0
1257,8/20/2023 6:00,633377,756219,0
1258,8/21/2023 6:00,633420,756288,0
1259,8/22/2023 6:00,633542,756475,0
1260,8/23/2023 6:00,633628,756627,0
1261,8/24/2023 6:00,633760,756815,0
1262,8/25/2023 6:00,633883,756993,0
1263,8/26/2023 6:00,633967,757114,0
1264,8/27/2023 6:00,634046,757216,0
1265,8/28/2023 6:00,634123,757281,0
1266,8/29/2023 6:00,634318,757539,0
1267,8/30/2023 6:00,634434,757700,0
1268,8/31/2023 6:00,634598,757929,0
1269,9/1/2023 6:00,634747,758147,0
1270,9/2/2023 6:00,634875,758343,0
1271,9/3/2023 6:00,634972,758462,0
1272,9/4/2023 6:00,635027,758563,0
1273,9/5/2023 6:00,635115,758662,0
1274,9/6/2023 6:00,635304,758946,0
1275,9/7/2023 6:00,635458,759207,0
1276,9/8/2023 6:00,635658,759469,0
1277,9/9/2023 6:00,635885,759776,0
1278,9/10/2023 6:00,636002,759938,0
1279,9/11/2023 6:00,636077,760038,0
1280,9/12/2023 6:00,636276,760309,0
1281,9/13/2023 6:00,636402,760511,0
1282,9/14/2023 6:00,636595,760811,0
1283,9/15/2023 6:00,636774,761067,0
1284,9/16/2023 6:00,636895,761251,0
1285,9/17/2023 6:00,636977,761367,0
1286,9/18/2023 6:00,637048,761448,0
1287,9/19/2023 6:00,637190,761679,0
1288,9/20/2023 6:00,637333,761853,0
1289,9/21/2023 6:00,637482,762065,0
1290,9/22/2023 6:00,637643,762288,0
1291,9/23/2023 6:00,637740,762478,0
1292,9/24/2023 6:00,637853,762607,0
1293,9/25/2023 6:00,637919,762667,0
1294,9/26/2023 6:00,638098,762940,0
